Date,Open,High,Low,Close
2020-01-02,67.42050170898438,68.43399810791016,67.32450103759766,68.43399810791016
2020-01-03,67.4000015258789,68.6875,67.36599731445312,68.07599639892578
2020-01-06,67.58149719238281,69.91600036621094,67.55000305175781,69.8905029296875
2020-01-07,70.02300262451172,70.17500305175781,69.5780029296875,69.75550079345703
2020-01-08,69.74099731445312,70.59249877929688,69.63150024414062,70.25199890136719
2020-01-09,71.09649658203125,71.43399810791016,70.510498046875,70.989501953125
2020-01-10,71.47350311279297,71.74700164794922,70.9800033569336,71.447998046875
2020-01-13,71.76249694824219,72.0739974975586,71.26850128173828,72.00150299072266
2020-01-14,72.0,72.13150024414062,71.38849639892578,71.52950286865234
2020-01-15,71.6510009765625,72.03900146484375,71.58300018310547,71.95999908447266
2020-01-16,72.27249908447266,72.53500366210938,72.0,72.50800323486328
2020-01-17,73.12699890136719,74.02749633789062,72.82749938964844,73.97599792480469
2020-01-21,73.94999694824219,74.49400329589844,73.510498046875,74.11250305175781
2020-01-22,74.48650360107422,75.02899932861328,74.13300323486328,74.19349670410156
2020-01-23,74.37750244140625,74.67500305175781,74.01599884033203,74.2344970703125
2020-01-24,74.64099884033203,74.70999908447266,73.15899658203125,73.30850219726562
2020-01-27,71.5770034790039,71.8290023803711,70.9749984741211,71.58650207519531
2020-01-28,72.08699798583984,72.73999786376953,71.51799774169922,72.5250015258789
2020-01-29,72.9229965209961,73.20700073242188,72.26950073242188,72.83499908447266
2020-01-30,71.90499877929688,72.76249694824219,71.75,72.7125015258789
2020-01-31,73.39299774169922,73.4834976196289,71.35299682617188,71.63899993896484
2020-02-03,73.0824966430664,74.31500244140625,72.83049774169922,74.12999725341797
2020-02-04,72.72450256347656,73.36699676513672,71.10150146484375,72.27050018310547
2020-02-05,73.18049621582031,73.22899627685547,71.48400115966797,72.30249786376953
2020-02-06,72.5989990234375,74.0780029296875,72.52400207519531,73.79850006103516
2020-02-07,73.36949920654297,74.26249694824219,73.27050018310547,73.95549774169922
2020-02-10,73.86150360107422,75.44400024414062,73.76000213623047,75.43299865722656
2020-02-11,75.66349792480469,76.49400329589844,75.27249908447266,75.50299835205078
2020-02-12,75.79299926757812,76.01499938964844,75.43350219726562,75.93150329589844
2020-02-13,75.5,76.29750061035156,75.19999694824219,75.66950225830078
2020-02-14,75.72650146484375,76.00250244140625,75.27749633789062,75.9365005493164
2020-02-18,75.71700286865234,76.52799987792969,75.55049896240234,75.97200012207031
2020-02-19,76.36000061035156,76.53700256347656,76.04900360107422,76.24349975585938
2020-02-20,75.95050048828125,76.35350036621094,75.21299743652344,75.84950256347656
2020-02-21,75.22899627685547,75.54750061035156,73.92449951171875,74.1729965209961
2020-02-24,71.15249633789062,71.81900024414062,70.3395004272461,70.99299621582031
2020-02-25,71.55000305175781,71.84249877929688,69.02100372314453,69.31600189208984
2020-02-26,69.7490005493164,70.68350219726562,68.82749938964844,69.52349853515625
2020-02-27,67.95700073242188,68.47000122070312,65.71199798583984,65.74749755859375
2020-02-28,63.71549987792969,67.12249755859375,63.410499572753906,66.9625015258789
2020-03-02,67.56950378417969,69.37349700927734,66.26000213623047,69.31600189208984
2020-03-03,69.88400268554688,70.40950012207031,66.46199798583984,66.88600158691406
2020-03-04,67.947998046875,69.13899993896484,66.8499984741211,69.08000183105469
2020-03-05,67.27749633789062,67.68150329589844,65.08200073242188,65.73799896240234
2020-03-06,63.497501373291016,65.13749694824219,62.86050033569336,64.78700256347656
2020-03-09,60.24800109863281,62.63650131225586,59.902000427246094,60.78950119018555
2020-03-10,62.71950149536133,63.79249954223633,60.72549819946289,63.75849914550781
2020-03-11,62.41350173950195,62.846500396728516,59.55699920654297,60.54499816894531
2020-03-12,56.13100051879883,59.4375,55.423500061035156,55.57749938964844
2020-03-13,58.7495002746582,60.720001220703125,55.614498138427734,60.7135009765625
2020-03-16,54.480499267578125,57.27349853515625,53.354000091552734,53.650001525878906
2020-03-17,54.53200149536133,56.29999923706055,52.45500183105469,55.90299987792969
2020-03-18,52.99700164794922,55.2495002746582,51.849998474121094,54.55950164794922
2020-03-19,54.4109992980957,57.63050079345703,52.77750015258789,55.583499908447266
2020-03-20,56.54499816894531,56.92399978637695,53.10499954223633,53.410499572753906
2020-03-23,52.81850051879883,53.34550094604492,50.44350051879883,52.70650100708008
2020-03-24,55.19900131225586,56.666500091552734,54.32149887084961,56.5004997253418
2020-03-25,56.229000091552734,57.30849838256836,54.1505012512207,55.08100128173828
2020-03-26,55.736000061035156,58.57400131225586,54.60150146484375,58.145999908447266
2020-03-27,56.37350082397461,57.5525016784668,55.20000076293945,55.51300048828125
2020-03-30,56.63199996948242,57.54999923706055,54.92449951171875,57.31549835205078
2020-03-31,57.436500549316406,58.66999816894531,56.83599853515625,58.09749984741211
2020-04-01,56.20000076293945,56.47100067138672,54.67449951171875,55.10499954223633
2020-04-02,55.0,56.13850021362305,54.65650177001953,55.85150146484375
2020-04-03,55.73550033569336,55.93949890136719,53.75400161743164,54.6349983215332
2020-04-06,56.650001525878906,59.537498474121094,56.25,59.15950012207031
2020-04-07,60.85049819946289,61.03900146484375,58.86249923706055,59.12799835205078
2020-04-08,60.154998779296875,60.744998931884766,59.1974983215332,60.349998474121094
2020-04-09,60.909000396728516,61.0994987487793,59.62099838256836,60.32849884033203
2020-04-13,60.07500076293945,60.72600173950195,59.11650085449219,60.52050018310547
2020-04-14,61.99850082397461,63.787498474121094,61.426998138427734,63.26150131225586
2020-04-15,62.32550048828125,63.75550079345703,61.70000076293945,62.8650016784668
2020-04-16,63.356998443603516,63.667999267578125,61.90999984741211,62.871498107910156
2020-04-17,64.08499908447266,64.5,63.29999923706055,63.95000076293945
2020-04-20,63.49449920654297,63.840999603271484,62.821998596191406,63.057498931884766
2020-04-21,62.135501861572266,62.5,60.25,60.608001708984375
2020-04-22,62.05550003051758,63.99399948120117,61.86000061035156,62.920501708984375
2020-04-23,63.2869987487793,64.40750122070312,63.0265007019043,63.55849838256836
2020-04-24,62.75,63.885501861572266,62.20000076293945,63.83000183105469
2020-04-27,64.5999984741211,64.70500183105469,63.25299835205078,63.542999267578125
2020-04-28,64.16000366210938,64.23799896240234,61.51900100708008,61.62950134277344
2020-04-29,67.25,68.00749969482422,66.33650207519531,67.10900115966797
2020-04-30,66.56800079345703,67.5,66.07499694824219,67.33499908447266
2020-05-01,66.20449829101562,67.57150268554688,65.48300170898438,65.86599731445312
2020-05-04,65.40650177001953,66.22350311279297,64.80049896240234,66.1449966430664
2020-05-05,66.875,68.55049896240234,66.75150299072266,67.45099639892578
2020-05-06,67.9000015258789,68.43450164794922,67.25650024414062,67.27149963378906
2020-05-07,68.06549835205078,68.80000305175781,67.62699890136719,68.46399688720703
2020-05-08,69.09100341796875,69.83200073242188,68.60050201416016,69.21700286865234
2020-05-11,68.8395004272461,70.77649688720703,68.7750015258789,70.17949676513672
2020-05-12,70.41100311279297,70.71649932861328,68.72550201416016,68.75900268554688
2020-05-13,68.80799865722656,69.2665023803711,66.40049743652344,67.41649627685547
2020-05-14,66.6760025024414,67.86849975585938,66.16500091552734,67.84300231933594
2020-05-15,67.41300201416016,68.72899627685547,66.94999694824219,68.65299987792969
2020-05-18,68.0790023803711,69.63800048828125,67.70999908447266,69.25900268554688
2020-05-19,69.27400207519531,69.62449645996094,68.68800354003906,68.72000122070312
2020-05-20,69.45800018310547,70.60150146484375,69.37100219726562,70.45800018310547
2020-05-21,70.54949951171875,70.822998046875,69.71949768066406,70.3375015258789
2020-05-22,70.19499969482422,70.8499984741211,69.79750061035156,70.66200256347656
2020-05-26,72.0979995727539,72.25550079345703,70.97000122070312,71.06849670410156
2020-05-27,71.0,71.26750183105469,69.7300033569336,71.01399993896484
2020-05-28,70.0,72.2229995727539,69.9540023803711,70.91200256347656
2020-05-29,71.02149963378906,71.83650207519531,70.79900360107422,71.6760025024414
2020-06-01,71.28500366210938,72.0790023803711,71.11399841308594,71.74349975585938
2020-06-02,71.75,72.1500015258789,71.08049774169922,72.1155014038086
2020-06-03,72.13500213623047,72.45050048828125,71.58100128173828,71.9625015258789
2020-06-04,71.83899688720703,72.06600189208984,70.30049896240234,70.71499633789062
2020-06-05,70.78199768066406,72.31500244140625,70.38099670410156,72.0009994506836
2020-06-08,71.31400299072266,72.44999694824219,71.2239990234375,72.4020004272461
2020-06-09,72.26200103759766,73.38999938964844,72.11799621582031,72.60399627685547
2020-06-10,73.07550048828125,73.63849639892578,72.71800231933594,73.23500061035156
2020-06-11,72.05149841308594,72.58000183105469,69.92050170898438,70.09500122070312
2020-06-12,71.29299926757812,71.72550201416016,69.29000091552734,70.64600372314453
2020-06-15,69.47450256347656,71.25,69.36000061035156,71.03700256347656
2020-06-16,72.44999694824219,72.8584976196289,71.44950103759766,72.32350158691406
2020-06-17,72.64700317382812,73.11000061035156,71.75650024414062,72.62699890136719
2020-06-18,72.49250030517578,72.64849853515625,71.31199645996094,71.70600128173828
2020-06-19,72.0,72.2249984741211,70.94999694824219,71.23200225830078
2020-06-22,71.25050354003906,72.54750061035156,70.95950317382812,72.53299713134766
2020-06-23,72.5999984741211,73.76000213623047,72.25,73.1989974975586
2020-06-24,73.16400146484375,73.78949737548828,71.5,71.63500213623047
2020-06-25,71.56099700927734,72.11599731445312,70.97699737548828,72.05500030517578
2020-06-26,71.63150024414062,71.85099792480469,67.75,68.12699890136719
2020-06-29,68.01699829101562,69.9000015258789,67.5824966430664,69.8584976196289
2020-06-30,69.84400177001953,71.19999694824219,69.34649658203125,70.90249633789062
2020-07-01,70.95850372314453,72.42400360107422,70.70899963378906,72.0999984741211
2020-07-02,72.59200286865234,74.4260025024414,72.55349731445312,73.49649810791016
2020-07-06,74.40750122070312,75.5,73.8489990234375,74.98249816894531
2020-07-07,74.80650329589844,76.06600189208984,74.48500061035156,74.49600219726562
2020-07-08,75.04000091552734,75.55850219726562,74.61499786376953,75.18000030517578
2020-07-09,75.49649810791016,76.45700073242188,74.77950286865234,75.93299865722656
2020-07-10,75.6624984741211,77.06700134277344,75.03600311279297,76.95050048828125
2020-07-13,77.49700164794922,78.81800079345703,75.3280029296875,75.61150360107422
2020-07-14,74.6395034790039,76.13999938964844,74.29650115966797,76.04299926757812
2020-07-15,76.1614990234375,76.81649780273438,74.8915023803711,75.84400177001953
2020-07-16,75.07499694824219,75.79550170898438,74.41349792480469,75.74600219726562
2020-07-17,75.84549713134766,76.17150115966797,74.90499877929688,75.84249877929688
2020-07-20,75.75,78.45050048828125,75.13500213623047,78.19200134277344
2020-07-21,79.25150299072266,79.35250091552734,77.63099670410156,77.7959976196289
2020-07-22,77.7854995727539,78.3489990234375,77.1614990234375,78.24250030517578
2020-07-23,78.29650115966797,78.51750183105469,75.42949676513672,75.8375015258789
2020-07-24,74.95950317382812,75.77149963378906,74.37950134277344,75.4104995727539
2020-07-27,75.66300201416016,76.87799835205078,75.61650085449219,76.47149658203125
2020-07-28,76.25,76.30049896240234,75.0260009765625,75.18250274658203
2020-07-29,75.25,76.66649627685547,75.15049743652344,76.17549896240234
2020-07-30,74.89849853515625,77.04450225830078,74.75849914550781,76.91850280761719
2020-07-31,74.85250091552734,75.2509994506836,72.69999694824219,74.39749908447266
2020-08-03,74.55000305175781,74.8864974975586,73.58599853515625,74.13800048828125
2020-08-04,74.33550262451172,74.65550231933594,73.20149993896484,73.66500091552734
2020-08-05,73.84100341796875,74.5,73.56099700927734,73.95449829101562
2020-08-06,73.80750274658203,75.3134994506836,73.59500122070312,75.24749755859375
2020-08-07,75.4520034790039,76.00450134277344,74.3134994506836,74.91850280761719
2020-08-10,74.54000091552734,75.35749816894531,73.87449645996094,74.84100341796875
2020-08-11,74.69999694824219,75.52200317382812,73.90950012207031,74.0270004272461
2020-08-12,74.35600280761719,75.58350372314453,74.25,75.36199951171875
2020-08-13,75.4104995727539,76.84850311279297,75.4104995727539,75.8324966430664
2020-08-14,75.68049621582031,75.989501953125,74.94999694824219,75.23149871826172
2020-08-17,75.79850006103516,76.18900299072266,75.25,75.81199645996094
2020-08-18,76.30599975585938,77.86849975585938,76.08350372314453,77.78900146484375
2020-08-19,77.62449645996094,78.44300079345703,77.0,77.23049926757812
2020-08-20,76.99849700927734,79.00849914550781,76.7229995727539,78.8125
2020-08-21,78.58999633789062,79.59400177001953,78.1155014038086,78.77850341796875
2020-08-24,79.62349700927734,80.43900299072266,78.75199890136719,79.25749969482422
2020-08-25,79.00499725341797,80.44400024414062,78.89399719238281,80.2925033569336
2020-08-26,80.31500244140625,82.6395034790039,80.04900360107422,82.20649719238281
2020-08-27,82.33049774169922,82.39949798583984,80.94049835205078,81.4260025024414
2020-08-28,81.47350311279297,82.06749725341797,81.28050231933594,81.97149658203125
2020-08-31,82.17849731445312,82.2249984741211,81.2665023803711,81.47650146484375
2020-09-01,81.60800170898438,82.96099853515625,81.47650146484375,82.75399780273438
2020-09-02,83.40049743652344,86.30500030517578,83.0094985961914,85.86949920654297
2020-09-03,84.97599792480469,85.0,80.385498046875,81.47550201416016
2020-09-04,80.44999694824219,81.74949645996094,76.89849853515625,79.06050109863281
2020-09-08,76.25,77.77749633789062,75.82499694824219,76.18000030517578
2020-09-09,77.44499969482422,77.93599700927734,76.25849914550781,77.36150360107422
2020-09-10,77.50900268554688,78.68299865722656,76.0,76.30249786376953
2020-09-11,76.40750122070312,76.93499755859375,74.6510009765625,75.78800201416016
2020-09-14,76.5824966430664,77.8499984741211,75.25550079345703,75.44149780273438
2020-09-15,76.39450073242188,77.54949951171875,76.1050033569336,76.75599670410156
2020-09-16,77.1240005493164,77.71849822998047,75.57949829101562,75.60449981689453
2020-09-17,74.29049682617188,74.93299865722656,73.12300109863281,74.35199737548828
2020-09-18,74.41500091552734,74.76000213623047,71.58100128173828,72.55449676513672
2020-09-21,71.58100128173828,72.00299835205078,70.13400268554688,71.50700378417969
2020-09-22,72.51599884033203,73.19850158691406,71.4749984741211,72.99099731445312
2020-09-23,72.60449981689453,72.65399932861328,70.13400268554688,70.46949768066406
2020-09-24,70.13400268554688,71.89949798583984,70.10749816894531,71.14299774169922
2020-09-25,71.25250244140625,72.2969970703125,70.38400268554688,71.9530029296875
2020-09-28,73.59950256347656,73.64949798583984,72.31400299072266,72.93299865722656
2020-09-29,73.19550323486328,73.5999984741211,72.69999694824219,73.3010025024414
2020-09-30,73.0469970703125,74.30999755859375,72.78800201416016,73.27999877929688
2020-10-01,74.18299865722656,74.75350189208984,73.83999633789062,74.3949966430664
2020-10-02,72.98149871826172,73.95149993896484,72.36750030517578,72.77999877929688
2020-10-05,73.13249969482422,74.23500061035156,73.00450134277344,74.1415023803711
2020-10-06,73.7750015258789,74.22599792480469,72.25050354003906,72.5510025024414
2020-10-07,72.96549987792969,73.44850158691406,71.6614990234375,72.95700073242188
2020-10-08,73.27249908447266,74.40149688720703,73.27249908447266,74.17150115966797
2020-10-09,74.64299774169922,75.59249877929688,74.3499984741211,75.52249908447266
2020-10-12,76.9000015258789,79.4209976196289,76.46499633789062,78.22949981689453
2020-10-13,78.85050201416016,79.25800323486328,77.93150329589844,78.35350036621094
2020-10-14,78.7300033569336,79.19249725341797,77.29499816894531,78.1719970703125
2020-10-15,77.2249984741211,78.56999969482422,77.05650329589844,77.77349853515625
2020-10-16,78.09149932861328,78.885498046875,77.88300323486328,78.38500213623047
2020-10-19,78.79650115966797,79.19650268554688,76.14600372314453,76.49749755859375
2020-10-20,76.15550231933594,78.69200134277344,76.0250015258789,77.55400085449219
2020-10-21,78.49250030517578,80.75700378417969,78.35700225830078,79.29949951171875
2020-10-22,79.25,80.6709976196289,78.8740005493164,80.33300018310547
2020-10-23,80.75250244140625,81.70600128173828,80.59549713134766,81.64900207519531
2020-10-26,80.75,81.47899627685547,78.38899993896484,79.2145004272461
2020-10-27,79.44650268554688,80.0999984741211,78.84950256347656,79.94400024414062
2020-10-28,77.50050354003906,77.69049835205078,75.42400360107422,75.54000091552734
2020-10-29,75.85099792480469,79.43699645996094,75.82749938964844,77.84400177001953
2020-10-30,83.37200164794922,84.06600189208984,80.07849884033203,80.80549621582031
2020-11-02,81.177001953125,82.91200256347656,80.71199798583984,81.21600341796875
2020-11-03,81.53800201416016,82.94999694824219,80.60549926757812,82.28299713134766
2020-11-04,85.27899932861328,88.50150299072266,85.1500015258789,87.2925033569336
2020-11-05,88.52249908447266,89.59100341796875,87.05149841308594,88.125
2020-11-06,87.56700134277344,88.42500305175781,86.83399963378906,87.98650360107422
2020-11-09,89.79900360107422,90.84449768066406,87.87750244140625,88.07099914550781
2020-11-10,86.4885025024414,87.96900177001953,85.80599975585938,86.88600158691406
2020-11-11,87.41999816894531,88.1449966430664,87.15299987792969,87.36150360107422
2020-11-12,87.0999984741211,88.2490005493164,86.89849853515625,87.14099884033203
2020-11-13,87.4000015258789,88.85649871826172,86.79900360107422,88.61299896240234
2020-11-16,88.20700073242188,89.71700286865234,88.06649780273438,88.70149993896484
2020-11-17,88.39299774169922,88.85700225830078,87.97450256347656,88.08300018310547
2020-11-18,87.83200073242188,88.25,86.92849731445312,87.03199768066406
2020-11-19,86.6614990234375,88.17449951171875,86.5009994506836,87.92849731445312
2020-11-20,88.0999984741211,88.41799926757812,86.75,86.81900024414062
2020-11-23,87.01100158691406,87.29949951171875,85.50900268554688,86.37799835205078
2020-11-24,86.375,88.3239974975586,86.0364990234375,88.19499969482422
2020-11-25,88.3905029296875,88.51899719238281,87.41799926757812,88.20649719238281
2020-11-27,88.22699737548828,89.85050201416016,88.22699737548828,89.35099792480469
2020-11-30,88.78250122070312,89.01699829101562,87.39199829101562,87.72000122070312
2020-12-01,88.33300018310547,91.08599853515625,88.15149688720703,89.76799774169922
2020-12-02,89.76799774169922,91.63700103759766,89.25849914550781,91.24849700927734
2020-12-03,91.0270004272461,92.19149780273438,90.8499984741211,91.09200286865234
2020-12-04,91.01100158691406,91.4749984741211,90.67949676513672,91.18800354003906
2020-12-07,90.77749633789062,91.4645004272461,90.1520004272461,90.85150146484375
2020-12-08,90.4260025024414,90.79850006103516,89.56400299072266,90.56649780273438
2020-12-09,90.51799774169922,91.41850280761719,88.0999984741211,88.89299774169922
2020-12-10,88.12999725341797,88.74949645996094,86.67649841308594,88.38249969482422
2020-12-11,88.0,88.8655014038086,87.63700103759766,88.73999786376953
2020-12-14,88.53600311279297,89.48999786376953,87.45649719238281,87.61299896240234
2020-12-15,87.99299621582031,88.19999694824219,87.08350372314453,88.05400085449219
2020-12-16,88.45549774169922,88.45549774169922,87.4530029296875,87.8594970703125
2020-12-17,88.19650268554688,88.33550262451172,86.55750274658203,87.02549743652344
2020-12-18,87.30850219726562,87.41799926757812,85.75,86.31099700927734
2020-12-21,85.45649719238281,86.8499984741211,84.69999694824219,86.72799682617188
2020-12-22,86.46649932861328,86.63050079345703,85.28900146484375,86.01100158691406
2020-12-23,86.19650268554688,87.20549774169922,86.05999755859375,86.4114990234375
2020-12-24,86.44999694824219,87.12049865722656,86.21749877929688,86.70800018310547
2020-12-28,87.24549865722656,89.3499984741211,87.09100341796875,88.697998046875
2020-12-29,89.36150360107422,89.42350006103516,87.75550079345703,87.88800048828125
2020-12-30,88.25,88.38800048828125,86.4000015258789,86.8125
2020-12-31,86.8635025024414,87.875,86.80449676513672,87.63200378417969
2021-01-04,88.0,88.12449645996094,85.35700225830078,86.30650329589844
2021-01-05,86.25450134277344,87.34149932861328,85.84500122070312,87.00250244140625
2021-01-06,85.01300048828125,87.19850158691406,84.80500030517578,86.14399719238281
2021-01-07,86.33799743652344,88.89099884033203,86.33799743652344,88.71700286865234
2021-01-08,88.85800170898438,89.96800231933594,88.06099700927734,89.8915023803711
2021-01-11,88.85099792480469,89.21900177001953,87.60700225830078,87.81449890136719
2021-01-12,87.26799774169922,88.3949966430664,85.81900024414062,86.87149810791016
2021-01-13,86.36599731445312,87.81950378417969,86.36599731445312,87.36250305175781
2021-01-14,87.44349670410156,88.37750244140625,86.30349731445312,86.5459976196289
2021-01-15,86.45099639892578,87.38099670410156,85.58550262451172,86.38099670410156
2021-01-19,87.1500015258789,90.19200134277344,86.6415023803711,89.22350311279297
2021-01-20,91.31849670410156,94.98600006103516,90.97550201416016,94.00350189208984
2021-01-21,94.68250274658203,96.60399627685547,93.97049713134766,94.2074966430664
2021-01-22,94.572998046875,95.21949768066406,93.82499694824219,94.62799835205078
2021-01-25,95.63700103759766,96.09100341796875,92.95800018310547,94.71399688720703
2021-01-26,94.29949951171875,95.7874984741211,93.80650329589844,95.39749908447266
2021-01-27,93.74549865722656,94.02349853515625,89.86399841308594,90.9469985961914
2021-01-28,91.55000305175781,94.39949798583984,91.55000305175781,92.66000366210938
2021-01-29,91.70099639892578,92.37699890136719,90.0780029296875,91.36799621582031
2021-02-01,92.22949981689453,95.7770004272461,92.22949981689453,94.65350341796875
2021-02-02,95.65650177001953,97.46849822998047,95.31849670410156,95.95600128173828
2021-02-03,103.28050231933594,105.33100128173828,100.67749786376953,102.94400024414062
2021-02-04,103.03099822998047,103.46499633789062,101.75499725341797,102.68150329589844
2021-02-05,102.97799682617188,104.7969970703125,102.5,104.44149780273438
2021-02-08,105.0,105.75,103.1675033569336,104.22599792480469
2021-02-09,103.73999786376953,104.92549896240234,103.5,103.76950073242188
2021-02-10,104.15699768066406,104.94400024414062,102.61199951171875,104.3239974975586
2021-02-11,104.55000305175781,104.69999694824219,103.44300079345703,104.4375
2021-02-12,103.9885025024414,104.9749984741211,103.67849731445312,104.75150299072266
2021-02-16,104.5875015258789,107.25700378417969,104.5875015258789,105.53500366210938
2021-02-17,104.6989974975586,106.12200164794922,104.4175033569336,105.93099975585938
2021-02-18,105.25,106.09950256347656,104.66649627685547,105.29049682617188
2021-02-19,105.3895034790039,105.92900085449219,104.17150115966797,104.44049835205078
2021-02-22,102.68000030517578,104.0165023803711,102.4000015258789,102.71299743652344
2021-02-23,100.69950103759766,103.625,99.5114974975586,103.00599670410156
2021-02-24,101.50199890136719,104.41600036621094,101.37650299072266,104.19049835205078
2021-02-25,102.79650115966797,104.1500015258789,100.32450103759766,100.79750061035156
2021-02-26,101.49749755859375,102.82599639892578,100.05049896240234,101.09549713134766
2021-03-01,102.4000015258789,103.8115005493164,101.72100067138672,103.48300170898438
2021-03-02,103.24199676513672,104.73699951171875,102.83350372314453,103.2239990234375
2021-03-03,102.59750366210938,103.79949951171875,99.69999694824219,100.57050323486328
2021-03-04,100.74349975585938,103.72949981689453,100.27149963378906,101.69650268554688
2021-03-05,103.05750274658203,105.30999755859375,101.38899993896484,104.85350036621094
2021-03-08,104.2030029296875,105.68699645996094,100.2594985961914,100.375
2021-03-09,102.48750305175781,103.19599914550781,101.77999877929688,102.01799774169922
2021-03-10,103.06999969482422,103.06999969482422,100.96649932861328,101.80950164794922
2021-03-11,102.91100311279297,105.5634994506836,102.82250213623047,105.0270004272461
2021-03-12,103.82050323486328,103.88050079345703,101.62100219726562,102.5
2021-03-15,102.2490005493164,102.74949645996094,101.3895034790039,102.72200012207031
2021-03-16,103.29949951171875,105.68399810791016,102.9645004272461,104.19450378417969
2021-03-17,103.42350006103516,104.94999694824219,102.20600128173828,104.11100006103516
2021-03-18,102.40899658203125,103.4375,100.95899963378906,101.06700134277344
2021-03-19,101.48650360107422,101.85199737548828,100.14649963378906,101.3479995727539
2021-03-22,101.38150024414062,102.41699981689453,100.69999694824219,101.53450012207031
2021-03-23,101.99749755859375,103.20549774169922,101.4000015258789,102.06649780273438
2021-03-24,102.58799743652344,103.37999725341797,101.44999694824219,101.62650299072266
2021-03-25,101.45249938964844,102.28199768066406,99.80449676513672,101.62300109863281
2021-03-26,101.5895004272461,101.96949768066406,100.19249725341797,101.23650360107422
2021-03-29,101.10800170898438,102.46050262451172,100.27249908447266,102.28949737548828
2021-03-30,102.64900207519531,103.13349914550781,101.80750274658203,102.32350158691406
2021-03-31,102.72000122070312,104.31300354003906,102.3499984741211,103.1259994506836
2021-04-01,104.61250305175781,106.7874984741211,104.57150268554688,106.48899841308594
2021-04-05,107.35749816894531,111.44950103759766,107.260498046875,110.947998046875
2021-04-06,110.5459976196289,111.4000015258789,110.0895004272461,110.46299743652344
2021-04-07,110.65499877929688,112.2249984741211,110.65499877929688,111.95149993896484
2021-04-08,113.19999694824219,113.5895004272461,112.15049743652344,112.52149963378906
2021-04-09,112.27200317382812,113.69850158691406,111.86299896240234,113.53350067138672
2021-04-12,112.70600128173828,112.84449768066406,111.39099884033203,112.23100280761719
2021-04-13,112.54949951171875,113.17350006103516,112.15249633789062,112.72149658203125
2021-04-14,113.37149810791016,113.37149810791016,111.8010025024414,112.09549713134766
2021-04-15,113.09750366210938,114.80000305175781,112.55850219726562,114.26249694824219
2021-04-16,114.46199798583984,114.71199798583984,113.5459976196289,114.13749694824219
2021-04-19,113.50900268554688,115.20449829101562,113.50900268554688,114.48799896240234
2021-04-20,114.87449645996094,114.94999694824219,112.85600280761719,113.95050048828125
2021-04-21,113.60250091552734,114.0,112.24099731445312,113.9175033569336
2021-04-22,113.7699966430664,114.44400024414062,112.01599884033203,112.6259994506836
2021-04-23,113.3499984741211,115.30599975585938,113.0625,114.99649810791016
2021-04-26,115.22599792480469,116.22650146484375,114.86599731445312,115.49649810791016
2021-04-27,115.88150024414062,115.92250061035156,114.30799865722656,114.54900360107422
2021-04-28,119.625,121.56900024414062,117.66100311279297,117.9520034790039
2021-04-29,119.46150207519531,120.20800018310547,118.69249725341797,119.63800048828125
2021-04-30,118.4010009765625,119.09249877929688,117.3280029296875,117.67500305175781
2021-05-03,118.24549865722656,119.07749938964844,116.7750015258789,117.15399932861328
2021-05-04,115.67749786376953,116.24949645996094,112.83399963378906,115.34149932861328
2021-05-05,116.43150329589844,116.75,115.41400146484375,115.7385025024414
2021-05-06,115.31649780273438,116.86750030517578,114.6520004272461,116.86750030517578
2021-05-07,118.19450378417969,118.5625,117.30799865722656,117.59649658203125
2021-05-10,116.40699768066406,116.55000305175781,114.22699737548828,114.5875015258789
2021-05-11,112.15350341796875,114.01399993896484,111.69599914550781,113.50299835205078
2021-05-12,111.30950164794922,112.39900207519531,109.68099975585938,110.01249694824219
2021-05-13,111.30599975585938,111.97200012207031,110.33599853515625,111.4520034790039
2021-05-14,112.927001953125,114.23600006103516,112.5,113.91899871826172
2021-05-17,113.17849731445312,114.48899841308594,112.77549743652344,114.44599914550781
2021-05-18,115.11750030517578,115.38400268554688,113.1094970703125,113.12349700927734
2021-05-19,111.42150115966797,113.74949645996094,111.27200317382812,113.57499694824219
2021-05-20,114.55000305175781,115.5999984741211,114.1760025024414,115.34750366210938
2021-05-21,115.87049865722656,115.94450378417969,114.46499633789062,114.70649719238281
2021-05-24,115.74449920654297,118.27749633789062,115.5979995727539,118.052001953125
2021-05-25,118.5999984741211,119.19999694824219,117.75,118.14350128173828
2021-05-26,118.32599639892578,119.44950103759766,118.322998046875,119.0155029296875
2021-05-27,119.45249938964844,119.45249938964844,117.81300354003906,118.13400268554688
2021-05-28,118.72100067138672,118.80349731445312,117.64250183105469,117.84249877929688
2021-06-01,118.72200012207031,119.2854995727539,117.71399688720703,119.05899810791016
2021-06-02,119.4574966430664,119.68199920654297,117.61799621582031,118.52950286865234
2021-06-03,117.2864990234375,117.85099792480469,116.47599792480469,117.37899780273438
2021-06-04,118.4635009765625,119.95149993896484,118.12049865722656,119.67849731445312
2021-06-07,119.47200012207031,120.22550201416016,119.05000305175781,120.11499786376953
2021-06-08,120.60050201416016,120.97599792480469,119.73899841308594,119.9219970703125
2021-06-09,120.57150268554688,120.64399719238281,119.84500122070312,120.39700317382812
2021-06-10,120.34600067138672,121.80000305175781,120.18900299072266,121.75650024414062
2021-06-11,122.0,122.08599853515625,120.947998046875,121.51000213623047
2021-06-14,121.61299896240234,122.44599914550781,120.9000015258789,122.44550323486328
2021-06-15,122.44999694824219,122.77549743652344,121.05599975585938,121.41950225830078
2021-06-16,121.5719985961914,121.88600158691406,119.47000122070312,120.77249908447266
2021-06-17,120.69750213623047,122.52249908447266,120.5,121.74349975585938
2021-06-18,121.36699676513672,121.60299682617188,120.01499938964844,120.11100006103516
2021-06-21,120.50050354003906,122.0,119.89849853515625,121.8125
2021-06-22,121.75,122.4000015258789,121.06400299072266,122.33049774169922
2021-06-23,122.09349822998047,123.09549713134766,121.83450317382812,122.12699890136719
2021-06-24,122.69999694824219,123.05549621582031,122.30000305175781,122.5
2021-06-25,122.0,122.63300323486328,121.56500244140625,122.50849914550781
2021-06-28,122.67849731445312,122.78500366210938,121.40550231933594,122.53600311279297
2021-06-29,122.67050170898438,123.02100372314453,121.69100189208984,122.27249908447266
2021-06-30,121.99449920654297,122.25700378417969,121.35449981689453,122.0895004272461
2021-07-01,121.7249984741211,122.58699798583984,121.53150177001953,122.44450378417969
2021-07-02,123.1500015258789,125.40399932861328,123.05950164794922,125.25749969482422
2021-07-06,125.64849853515625,126.4280014038086,124.5824966430664,126.19000244140625
2021-07-07,127.16200256347656,127.28399658203125,126.15299987792969,126.4739990234375
2021-07-08,124.0260009765625,125.59549713134766,124.02200317382812,125.04399871826172
2021-07-09,125.0250015258789,125.7344970703125,124.55149841308594,125.51850128173828
2021-07-12,126.1780014038086,127.06950378417969,125.61100006103516,126.97550201416016
2021-07-13,127.03849792480469,128.0574951171875,126.67449951171875,127.34149932861328
2021-07-14,127.95800018310547,129.32650756835938,127.91449737548828,128.23699951171875
2021-07-15,128.6490020751953,128.6999969482422,126.52999877929688,127.00499725341797
2021-07-16,127.66300201416016,127.8115005493164,126.15350341796875,126.97000122070312
2021-07-19,126.0895004272461,126.20500183105469,123.50499725341797,124.5780029296875
2021-07-20,125.52749633789062,127.04299926757812,124.35050201416016,126.20950317382812
2021-07-21,126.13349914550781,127.59600067138672,126.02349853515625,127.54900360107422
2021-07-22,127.84400177001953,128.48300170898438,127.4990005493164,128.42149353027344
2021-07-23,130.4304962158203,133.3990020751953,129.80050659179688,133.01499938964844
2021-07-26,133.32850646972656,134.23699951171875,132.30149841308594,134.03500366210938
2021-07-27,134.25050354003906,134.3990020751953,130.10400390625,131.89999389648438
2021-07-28,136.31199645996094,138.2969970703125,135.27749633789062,136.093994140625
2021-07-29,136.14999389648438,136.66099548339844,135.54299926757812,135.77749633789062
2021-07-30,135.03500366210938,135.30450439453125,134.2550048828125,134.72650146484375
2021-08-02,135.11700439453125,135.3365020751953,133.79400634765625,134.85450744628906
2021-08-03,135.13499450683594,135.73199462890625,133.3195037841797,135.6300048828125
2021-08-04,135.34950256347656,135.64950561523438,134.48699951171875,135.12550354003906
2021-08-05,135.6804962158203,136.35000610351562,134.8459930419922,136.25149536132812
2021-08-06,136.04200744628906,136.47250366210938,135.2100067138672,135.73849487304688
2021-08-09,135.9425048828125,137.1840057373047,135.33949279785156,136.91299438476562
2021-08-10,137.3419952392578,137.7725067138672,136.364501953125,136.8070068359375
2021-08-11,137.18150329589844,137.6824951171875,136.27149963378906,136.2790069580078
2021-08-12,135.97549438476562,137.3000030517578,135.42550659179688,137.19400024414062
2021-08-13,137.25,137.85650634765625,137.0330047607422,137.7274932861328
2021-08-16,137.52499389648438,138.3625030517578,135.2989959716797,138.3094940185547
2021-08-17,137.75,138.2655029296875,136.08200073242188,136.6614990234375
2021-08-18,136.5,137.10450744628906,135.32150268554688,135.44900512695312
2021-08-19,134.4355010986328,136.3524932861328,134.25,135.67999267578125
2021-08-20,136.0,137.5540008544922,135.25,137.42950439453125
2021-08-23,137.96949768066406,140.87449645996094,137.6074981689453,140.04150390625
2021-08-24,140.6114959716797,142.0800018310547,140.3385009765625,141.26150512695312
2021-08-25,141.625,142.1894989013672,141.37600708007812,142.07899475097656
2021-08-26,141.75,142.41749572753906,141.35699462890625,141.4405059814453
2021-08-27,141.65249633789062,144.5124969482422,141.4969940185547,144.00399780273438
2021-08-30,144.39999389648438,145.9705047607422,144.16299438476562,144.5904998779297
2021-08-31,145.14700317382812,145.17149353027344,144.281005859375,144.69749450683594
2021-09-01,145.0,146.25399780273438,144.8834991455078,145.2154998779297
2021-09-02,145.21600341796875,145.51950073242188,143.18499755859375,143.28700256347656
2021-09-03,143.08050537109375,144.15499877929688,142.40049743652344,143.739501953125
2021-09-07,143.83450317382812,144.56500244140625,143.61900329589844,144.28050231933594
2021-09-08,144.10000610351562,144.39999389648438,143.0,143.6909942626953
2021-09-09,143.8404998779297,144.3105010986328,143.17750549316406,143.54100036621094
2021-09-10,144.21249389648438,144.718505859375,140.73800659179688,140.87600708007812
2021-09-13,141.94949340820312,142.9499969482422,141.25,142.33250427246094
2021-09-14,142.99549865722656,143.36300659179688,141.75,142.54449462890625
2021-09-15,142.77149963378906,144.45050048828125,141.34750366210938,144.42950439453125
2021-09-16,143.95050048828125,144.3000030517578,142.40150451660156,143.61000061035156
2021-09-17,143.03050231933594,143.4499969482422,140.47000122070312,140.8000030517578
2021-09-20,138.1614990234375,139.0,136.32200622558594,138.71949768066406
2021-09-21,139.74949645996094,140.01150512695312,138.2779998779297,139.0330047607422
2021-09-22,139.3040008544922,140.88699340820312,138.55149841308594,140.2834930419922
2021-09-23,140.9875030517578,141.69650268554688,140.40150451660156,141.21600341796875
2021-09-24,140.5384979248047,142.33050537109375,140.24099731445312,142.21499633789062
2021-09-27,140.80450439453125,141.93850708007812,140.0675048828125,141.07200622558594
2021-09-28,138.65499877929688,139.09649658203125,135.36000061035156,135.8300018310547
2021-09-29,136.97999572753906,137.1510009765625,133.86500549316406,134.35350036621094
2021-09-30,134.26150512695312,135.54249572753906,133.55599975585938,133.67599487304688
2021-10-01,134.44749450683594,136.91050720214844,134.072998046875,136.54299926757812
2021-10-04,135.9604949951172,135.9604949951172,131.0500030517578,133.6595001220703
2021-10-05,134.04100036621094,137.22450256347656,134.04100036621094,136.0229949951172
2021-10-06,134.75,137.75,134.5500030517578,137.56500244140625
2021-10-07,138.89199829101562,140.04200744628906,138.6510009765625,139.22500610351562
2021-10-08,139.57699584960938,140.33099365234375,139.21749877929688,139.78550720214844
2021-10-11,139.29200744628906,140.71200561523438,138.85899353027344,138.91400146484375
2021-10-12,139.47999572753906,139.5070037841797,135.75999450683594,136.44900512695312
2021-10-13,137.40249633789062,138.0,136.5189971923828,137.58200073242188
2021-10-14,139.4739990234375,141.33749389648438,138.8249969482422,141.1510009765625
2021-10-15,141.614501953125,141.71800231933594,140.7550048828125,141.3679962158203
2021-10-18,141.07650756835938,142.79600524902344,141.0695037841797,142.7779998779297
2021-10-19,143.3874969482422,143.66250610351562,142.60000610351562,143.23699951171875
2021-10-20,143.33799743652344,143.54600524902344,141.37649536132812,141.7689971923828
2021-10-21,141.7689971923828,142.156005859375,140.5,141.88600158691406
2021-10-22,139.14999389648438,140.58299255371094,136.05599975585938,137.56649780273438
2021-10-25,137.5500030517578,138.0,135.4239959716797,137.44700622558594
2021-10-26,139.2635040283203,140.08299255371094,138.30450439453125,139.30850219726562
2021-10-27,139.40499877929688,148.64999389648438,139.40499877929688,146.21749877929688
2021-10-28,147.13450622558594,147.1580047607422,144.6269989013672,145.8489990234375
2021-10-29,145.0780029296875,148.24200439453125,144.64950561523438,148.04600524902344
2021-11-01,148.04600524902344,148.04600524902344,143.22549438476562,143.4969940185547
2021-11-02,144.57949829101562,146.60899353027344,144.3354949951172,145.4324951171875
2021-11-03,145.90049743652344,146.66900634765625,144.59100341796875,146.59800720214844
2021-11-04,147.12449645996094,149.73350524902344,146.30799865722656,148.2675018310547
2021-11-05,149.16949462890625,150.32749938964844,148.19700622558594,148.8520050048828
2021-11-08,149.8249969482422,150.61500549316406,148.4304962158203,149.031005859375
2021-11-09,149.23300170898438,149.83450317382812,147.2449951171875,148.9185028076172
2021-11-10,147.5,148.07000732421875,144.53750610351562,145.89349365234375
2021-11-11,146.489501953125,147.53550720214844,145.60049438476562,145.76649475097656
2021-11-12,146.61549377441406,148.85000610351562,145.41099548339844,148.67799377441406
2021-11-15,148.90049743652344,149.54949951171875,147.5749969482422,148.45199584960938
2021-11-16,148.14950561523438,148.7624969482422,147.3125,147.87600708007812
2021-11-17,148.02749633789062,148.5594940185547,147.24000549316406,148.0469970703125
2021-11-18,148.2415008544922,150.58050537109375,147.88450622558594,149.8385009765625
2021-11-19,149.97549438476562,150.9665069580078,148.8990020751953,148.92649841308594
2021-11-22,149.33250427246094,149.82949829101562,146.1475067138672,146.302001953125
2021-11-23,146.1529998779297,146.66000366210938,144.11500549316406,145.78199768066406
2021-11-24,145.47349548339844,146.24949645996094,144.3730010986328,146.1199951171875
2021-11-26,144.34849548339844,144.5574951171875,141.84249877929688,142.18299865722656
2021-11-29,144.0,146.29750061035156,143.89349365234375,145.53050231933594
2021-11-30,145.0084991455078,146.0,141.60150146484375,141.8975067138672
2021-12-01,144.0,145.95050048828125,140.91200256347656,141.05149841308594
2021-12-02,141.25,143.864501953125,140.21449279785156,142.96600341796875
2021-12-03,143.68099975585938,144.39999389648438,140.30099487304688,142.00149536132812
2021-12-06,143.04049682617188,143.8524932861328,140.14999389648438,143.15499877929688
2021-12-07,145.59649658203125,147.531005859375,145.2274932861328,147.26950073242188
2021-12-08,147.59649658203125,148.39300537109375,146.406005859375,148.18649291992188
2021-12-09,147.59100341796875,149.10000610351562,147.11500549316406,147.6385040283203
2021-12-10,148.6999969482422,148.9774932861328,146.70399475097656,148.00149536132812
2021-12-13,147.781494140625,147.97000122070312,145.5175018310547,145.82650756835938
2021-12-14,143.96800231933594,144.47999572753906,141.21499633789062,143.90699768066406
2021-12-15,143.40899658203125,146.7209930419922,141.67799377441406,146.4409942626953
2021-12-16,147.17050170898438,147.677001953125,143.60699462890625,144.44500732421875
2021-12-17,142.5,143.83450317382812,141.3000030517578,141.72500610351562
2021-12-20,140.0,141.77450561523438,139.3209991455078,141.60699462890625
2021-12-21,142.05349731445312,143.86900329589844,140.50250244140625,143.47250366210938
2021-12-22,143.0675048828125,146.5,143.0675048828125,146.4149932861328
2021-12-23,146.5,148.24349975585938,146.45199584960938,146.91650390625
2021-12-27,147.25599670410156,148.343994140625,147.16949462890625,147.906494140625
2021-12-28,148.23599243164062,148.2989959716797,146.05450439453125,146.68699645996094
2021-12-29,146.64450073242188,147.41700744628906,145.6475067138672,146.65499877929688
2021-12-30,146.69400024414062,147.3000030517578,145.9945068359375,146.20050048828125
2021-12-31,146.0500030517578,146.69850158691406,144.8520050048828,144.8520050048828
2022-01-03,145.05499267578125,145.8509979248047,143.71299743652344,144.9915008544922
2022-01-04,145.39599609375,146.48500061035156,143.7165069580078,144.39950561523438
2022-01-05,144.4199981689453,144.49949645996094,137.68800354003906,137.77499389648438
2022-01-06,136.99850463867188,139.94000244140625,136.55850219726562,137.74749755859375
2022-01-07,138.14549255371094,138.44850158691406,135.76649475097656,137.01699829101562
2022-01-10,135.0780029296875,138.8195037841797,133.1645050048828,138.66949462890625
2022-01-11,138.0070037841797,140.21600341796875,136.6925048828125,139.73599243164062
2022-01-12,141.14999389648438,142.60800170898438,140.6945037841797,141.4304962158203
2022-01-13,141.5399932861328,142.85000610351562,138.40899658203125,138.58700561523438
2022-01-14,137.07899475097656,140.74200439453125,136.99850463867188,139.48049926757812
2022-01-18,136.1750030517578,137.13150024414062,135.43850708007812,135.9980010986328
2022-01-19,136.52349853515625,137.95950317382812,135.0155029296875,135.1165008544922
2022-01-20,136.25,137.62600708007812,132.96449279785156,133.3074951171875
2022-01-21,132.593505859375,134.86549377441406,130.0865020751953,130.35150146484375
2022-01-24,125.97799682617188,131.2030029296875,124.5,130.8040008544922
2022-01-25,128.74000549316406,129.3990020751953,126.50050354003906,126.93499755859375
2022-01-26,131.11900329589844,133.0,127.14199829101562,129.23300170898438
2022-01-27,131.3040008544922,132.65249633789062,128.9324951171875,129.0050048828125
2022-01-28,129.65899658203125,133.35650634765625,128.48500061035156,133.3509979248047
2022-01-31,134.16200256347656,135.47300720214844,132.20950317382812,135.30349731445312
2022-02-01,137.59449768066406,137.79299926757812,134.36849975585938,137.6439971923828
2022-02-02,151.25,151.54649353027344,145.5225067138672,148.0
2022-02-03,145.70550537109375,149.6750030517578,142.66549682617188,143.08999633789062
2022-02-04,143.4445037841797,144.875,140.51499938964844,143.29299926757812
2022-02-07,144.25,144.25,138.89999389648438,139.2010040283203
2022-02-08,139.02650451660156,140.0,137.01400756835938,139.3990020751953
2022-02-09,140.9635009765625,142.52450561523438,140.18699645996094,141.5919952392578
2022-02-10,139.70350646972656,141.4844970703125,137.95700073242188,138.6199951171875
2022-02-11,138.60000610351562,139.156494140625,133.39999389648438,134.28250122070312
2022-02-14,133.25650024414062,136.3000030517578,133.25650024414062,135.5260009765625
2022-02-15,137.57049560546875,138.10850524902344,135.82150268554688,136.60850524902344
2022-02-16,136.64649963378906,138.08599853515625,134.9239959716797,137.73800659179688
2022-02-17,136.2429962158203,137.11349487304688,132.47850036621094,132.53900146484375
2022-02-18,133.4669952392578,134.07000732421875,130.19650268554688,130.4029998779297
2022-02-22,129.83799743652344,132.1804962158203,128.22349548339844,129.81350708007812
2022-02-23,131.64849853515625,132.05099487304688,127.52749633789062,127.58799743652344
2022-02-24,124.95349884033203,133.0,124.95349884033203,132.6909942626953
2022-02-25,133.552001953125,135.27149963378906,131.75149536132812,134.45950317382812
2022-02-28,133.0500030517578,135.75149536132812,132.59249877929688,135.0570068359375
2022-03-01,134.8784942626953,136.2554931640625,133.218505859375,134.06149291992188
2022-03-02,134.6280059814453,135.2624969482422,133.07150268554688,134.57150268554688
2022-03-03,136.00999450683594,136.4394989013672,133.02549743652344,133.89950561523438
2022-03-04,132.92750549316406,133.85150146484375,130.33749389648438,131.906494140625
2022-03-07,131.48800659179688,131.73500061035156,126.29499816894531,126.37850189208984
2022-03-08,126.25,131.25,125.67449951171875,127.10449981689453
2022-03-09,131.25,133.73550415039062,129.90049743652344,133.4199981689453
2022-03-10,131.26600646972656,133.27200317382812,130.91250610351562,132.42950439453125
2022-03-11,133.48849487304688,133.79550170898438,129.63150024414062,129.87049865722656
2022-03-14,130.25,130.40899658203125,125.2750015258789,125.95099639892578
2022-03-15,126.97599792480469,129.85450744628906,125.72049713134766,129.197998046875
2022-03-16,130.73300170898438,133.33299255371094,128.7344970703125,133.28050231933594
2022-03-17,133.1490020751953,134.08050537109375,132.18499755859375,133.83900451660156
2022-03-18,133.42449951171875,136.24400329589844,132.2584991455078,136.12550354003906
2022-03-21,136.1634979248047,137.0500030517578,134.09249877929688,136.10150146484375
2022-03-22,136.10150146484375,141.0500030517578,136.10150146484375,139.8679962158203
2022-03-23,138.70249938964844,139.5885009765625,137.8350067138672,138.27549743652344
2022-03-24,139.1999969482422,141.61900329589844,137.75050354003906,141.57200622558594
2022-03-25,141.91600036621094,142.03500366210938,139.7375030517578,141.67300415039062
2022-03-28,140.90049743652344,142.00250244140625,139.81149291992188,141.45550537109375
2022-03-29,142.6475067138672,143.7935028076172,142.0384979248047,142.5054931640625
2022-03-30,142.4600067138672,142.7205047607422,141.60000610351562,141.93850708007812
2022-03-31,142.05299377441406,142.10800170898438,139.02450561523438,139.0675048828125
2022-04-01,139.5,140.4709930419922,138.3074951171875,140.15049743652344
2022-04-04,140.35850524902344,143.71200561523438,140.3105010986328,142.97149658203125
2022-04-05,142.86900329589844,142.99049377441406,140.38250732421875,140.59100341796875
2022-04-06,138.75,139.36050415039062,135.51699829101562,136.54800415039062
2022-04-07,136.00999450683594,137.1645050048828,134.2274932861328,135.8885040283203
2022-04-08,135.58349609375,135.6699981689453,132.9654998779297,133.28750610351562
2022-04-11,131.82350158691406,132.09249877929688,128.6685028076172,128.82350158691406
2022-04-12,131.60000610351562,131.60000610351562,126.78900146484375,127.7145004272461
2022-04-13,128.0,130.33399963378906,127.74099731445312,129.8939971923828
2022-04-14,130.47950744628906,130.47950744628906,126.60099792480469,126.7300033569336
2022-04-18,127.0,128.21249389648438,126.18199920654297,127.67649841308594
2022-04-19,127.69149780273438,130.33299255371094,126.99949645996094,130.00900268554688
2022-04-20,130.89199829101562,131.3990020751953,127.5,128.0399932861328
2022-04-21,129.25,130.09849548339844,124.52649688720703,124.81449890136719
2022-04-22,125.0,125.4020004272461,118.92500305175781,119.635498046875
2022-04-25,119.10099792480469,123.27749633789062,118.51100158691406,123.0739974975586
2022-04-26,122.29450225830078,122.51000213623047,118.51100158691406,118.6500015258789
2022-04-27,114.46949768066406,117.24199676513672,112.73650360107422,114.29450225830078
2022-04-28,116.41500091552734,119.64949798583984,114.11499786376953,118.52249908447266
2022-04-29,116.7344970703125,117.91999816894531,113.81449890136719,114.1094970703125
2022-05-02,113.40499877929688,116.74549865722656,112.5999984741211,116.58300018310547
2022-05-03,116.43049621582031,118.44200134277344,116.03450012207031,117.33399963378906
2022-05-04,117.03150177001953,122.85449981689453,115.11599731445312,122.26100158691406
2022-05-05,120.2040023803711,121.03900146484375,115.00550079345703,116.50550079345703
2022-05-06,115.18450164794922,117.57150268554688,114.0155029296875,115.74649810791016
2022-05-09,113.25,115.0770034790039,112.00050354003906,112.51100158691406
2022-05-10,115.50749969482422,116.25,112.90049743652344,114.3949966430664
2022-05-11,113.23650360107422,116.364501953125,113.23650360107422,113.60250091552734
2022-05-12,111.37750244140625,114.29499816894531,109.82450103759766,112.84400177001953
2022-05-13,114.53299713134766,117.875,113.6050033569336,116.05049896240234
2022-05-16,114.95549774169922,116.16999816894531,113.8895034790039,114.44499969482422
2022-05-17,116.84049987792969,116.9000015258789,114.87000274658203,116.4729995727539
2022-05-18,115.0,115.4000015258789,111.55549621582031,111.89949798583984
2022-05-19,111.43150329589844,113.01000213623047,110.0,110.38400268554688
2022-05-20,111.95099639892578,112.18350219726562,105.79650115966797,108.90799713134766
2022-05-23,109.5875015258789,112.14749908447266,108.74099731445312,111.48799896240234
2022-05-24,105.77200317382812,106.45850372314453,101.8844985961914,105.97000122070312
2022-05-25,104.9854965209961,106.5,103.85649871826172,105.80500030517578
2022-05-26,105.677001953125,108.64949798583984,105.2249984741211,107.7925033569336
2022-05-27,109.48300170898438,112.31800079345703,109.13849639892578,112.31649780273438
2022-05-31,112.74649810791016,115.73500061035156,112.07849884033203,113.76200103759766
2022-06-01,114.8550033569336,117.10150146484375,113.25,113.89199829101562
2022-06-02,114.0,117.89949798583984,112.94650268554688,117.62249755859375
2022-06-03,116.0625,116.32150268554688,113.51850128173828,114.54100036621094
2022-06-06,116.70449829101562,119.34700012207031,116.16400146484375,116.82050323486328
2022-06-07,115.48049926757812,117.69100189208984,115.052001953125,117.14949798583984
2022-06-08,116.7614974975586,118.57050323486328,116.5999984741211,117.19400024414062
2022-06-09,116.32749938964844,118.29900360107422,114.7760009765625,114.83550262451172
2022-06-10,112.44499969482422,113.27899932861328,110.36599731445312,111.1614990234375
2022-06-13,106.7864990234375,108.79149627685547,106.11900329589844,106.39250183105469
2022-06-14,106.53500366210938,107.92449951171875,105.80000305175781,106.71549987792969
2022-06-15,108.54499816894531,111.42350006103516,107.66950225830078,109.7645034790039
2022-06-16,107.22100067138672,108.64849853515625,105.13800048828125,106.03350067138672
2022-06-17,106.03350067138672,108.69950103759766,105.0459976196289,107.14350128173828
2022-06-21,108.92949676513672,112.489501953125,108.5999984741211,111.54399871826172
2022-06-22,110.55650329589844,113.34649658203125,110.38249969482422,111.48750305175781
2022-06-23,112.23149871826172,112.74250030517578,110.50050354003906,112.24199676513672
2022-06-24,112.99500274658203,118.0790023803711,112.95249938964844,117.9749984741211
2022-06-27,118.27300262451172,118.57949829101562,115.17949676513672,115.83350372314453
2022-06-28,115.80249786376953,117.30950164794922,111.8479995727539,112.00749969482422
2022-06-29,111.552001953125,113.1604995727539,110.87249755859375,111.70149993896484
2022-06-30,110.0,110.88800048828125,106.75,108.96299743652344
2022-07-01,107.93299865722656,109.25,106.73049926757812,108.73750305175781
2022-07-05,107.10050201416016,113.37699890136719,105.73149871826172,113.26300048828125
2022-07-06,113.302001953125,115.5895004272461,111.47599792480469,114.5719985961914
2022-07-07,115.08000183105469,119.18949890136719,114.83350372314453,118.78299713134766
2022-07-08,117.25,119.68499755859375,116.90149688720703,119.35350036621094
2022-07-11,117.99800109863281,117.99800109863281,115.33049774169922,115.67649841308594
2022-07-12,116.21499633789062,116.9739990234375,113.69000244140625,114.02050018310547
2022-07-13,111.70099639892578,114.19599914550781,111.20149993896484,111.35350036621094
2022-07-14,110.21050262451172,111.09300231933594,108.37300109863281,110.36750030517578
2022-07-15,112.00050354003906,113.1405029296875,110.9000015258789,111.77749633789062
2022-07-18,112.63999938964844,113.68000030517578,108.37000274658203,109.02999877929688
2022-07-19,110.8499984741211,114.0199966430664,109.55999755859375,113.80999755859375
2022-07-20,113.16999816894531,115.4000015258789,112.4800033569336,113.9000015258789
2022-07-21,114.27999877929688,114.55000305175781,111.11000061035156,114.33999633789062
2022-07-22,111.0,112.33999633789062,106.5,107.9000015258789
2022-07-25,108.41000366210938,109.87000274658203,106.30000305175781,107.51000213623047
2022-07-26,106.5999984741211,107.19999694824219,104.06999969482422,105.0199966430664
2022-07-27,109.26000213623047,113.91000366210938,108.01000213623047,113.05999755859375
2022-07-28,112.37000274658203,114.33999633789062,111.45999908447266,114.22000122070312
2022-07-29,113.08000183105469,116.70999908447266,113.05999755859375,116.31999969482422
2022-08-01,115.30000305175781,116.72000122070312,114.33999633789062,114.86000061035156
2022-08-02,114.0,116.3499984741211,113.72000122070312,115.12999725341797
2022-08-03,115.70999908447266,118.62000274658203,115.4800033569336,118.08000183105469
2022-08-04,117.4800033569336,118.77999877929688,116.88999938964844,118.19000244140625
2022-08-05,116.2300033569336,118.11000061035156,116.0,117.47000122070312
2022-08-08,118.38999938964844,120.1500015258789,116.87999725341797,117.30000305175781
2022-08-09,117.13999938964844,117.31999969482422,115.70999908447266,116.62999725341797
2022-08-10,118.77999877929688,120.91999816894531,118.41000366210938,119.69999694824219
2022-08-11,121.27999877929688,121.48999786376953,118.55999755859375,118.83999633789062
2022-08-12,120.26000213623047,121.68000030517578,119.45999908447266,121.68000030517578
2022-08-15,121.12999725341797,122.30000305175781,120.61000061035156,122.08000183105469
2022-08-16,121.5199966430664,122.43000030517578,120.63999938964844,121.69999694824219
2022-08-17,120.12000274658203,121.29000091552734,119.37999725341797,119.55000305175781
2022-08-18,119.43000030517578,120.81999969482422,118.72000122070312,120.16999816894531
2022-08-19,119.05999755859375,119.1500015258789,116.76000213623047,117.20999908447266
2022-08-22,115.19999694824219,115.62999725341797,113.8499984741211,114.23999786376953
2022-08-23,113.4800033569336,115.01000213623047,113.43000030517578,113.86000061035156
2022-08-24,113.5,114.77999877929688,112.87000274658203,113.69000244140625
2022-08-25,114.23999786376953,116.72000122070312,114.11000061035156,116.6500015258789
2022-08-26,114.72000122070312,115.12000274658203,110.19000244140625,110.33999633789062
2022-08-29,109.98999786376953,110.94999694824219,108.80000305175781,109.41999816894531
2022-08-30,110.16999816894531,110.5,107.80000305175781,108.94000244140625
2022-08-31,110.6500015258789,110.8499984741211,108.12999725341797,108.22000122070312
2022-09-01,108.27999877929688,110.44999694824219,107.36000061035156,109.73999786376953
2022-09-02,110.58999633789062,110.73999786376953,107.26000213623047,107.8499984741211
2022-09-06,107.30000305175781,108.02999877929688,105.77999877929688,106.80999755859375
2022-09-07,107.05999755859375,109.9800033569336,106.9000015258789,109.44999694824219
2022-09-08,108.04000091552734,109.5999984741211,107.16000366210938,108.37999725341797
2022-09-09,109.06999969482422,110.98999786376953,109.0199966430664,110.6500015258789
2022-09-12,110.98999786376953,111.62000274658203,109.93000030517578,110.86000061035156
2022-09-13,107.80000305175781,108.30000305175781,104.08999633789062,104.31999969482422
2022-09-14,104.56999969482422,105.27999877929688,103.66000366210938,105.0
2022-09-15,104.02999877929688,105.2699966430664,102.3499984741211,102.91000366210938
2022-09-16,102.06999969482422,103.12999725341797,100.94000244140625,102.80000305175781
2022-09-19,101.75,103.33000183105469,101.55000305175781,103.06999969482422
2022-09-20,102.08000183105469,102.37000274658203,100.5199966430664,101.13999938964844
2022-09-21,101.66999816894531,102.87999725341797,99.2699966430664,99.27999877929688
2022-09-22,98.81999969482422,101.23999786376953,98.79000091552734,100.13999938964844
2022-09-23,99.62999725341797,99.66000366210938,97.47000122070312,98.73999786376953
2022-09-26,98.0999984741211,99.87999725341797,97.80000305175781,98.16999816894531
2022-09-27,99.43000030517578,100.0,96.87000274658203,97.5
2022-09-28,97.6500015258789,100.69999694824219,97.11000061035156,100.05000305175781
2022-09-29,98.63999938964844,98.63999938964844,95.95999908447266,97.41999816894531
2022-09-30,97.05000305175781,98.9000015258789,95.55999755859375,95.6500015258789
2022-10-03,96.76000213623047,99.29000091552734,96.5199966430664,98.63999938964844
2022-10-04,100.44000244140625,101.83999633789062,100.37999725341797,101.63999938964844
2022-10-05,99.83000183105469,101.93000030517578,98.80000305175781,101.43000030517578
2022-10-06,100.68000030517578,102.93000030517578,100.58999633789062,101.41999816894531
2022-10-07,99.8499984741211,100.52999877929688,98.30000305175781,98.68000030517578
2022-10-10,99.0,99.0999984741211,97.01000213623047,97.86000061035156
2022-10-11,97.43000030517578,99.25,96.30999755859375,97.18000030517578
2022-10-12,97.30000305175781,98.75,96.73999786376953,97.55999755859375
2022-10-13,95.1500015258789,99.77999877929688,94.37999725341797,99.05999755859375
2022-10-14,99.98999786376953,100.69000244140625,96.37000274658203,96.55999755859375
2022-10-17,98.86000061035156,100.93000030517578,98.83000183105469,99.97000122070312
2022-10-18,103.12999725341797,103.47000122070312,99.97000122070312,100.7699966430664
2022-10-19,100.01000213623047,101.0199966430664,98.91999816894531,99.62999725341797
2022-10-20,100.0,102.31999969482422,99.38999938964844,99.97000122070312
2022-10-21,97.8499984741211,101.30999755859375,97.72000122070312,101.12999725341797
2022-10-24,101.80000305175781,102.75,99.9800033569336,102.5199966430664
2022-10-25,102.9000015258789,104.81999969482422,102.72000122070312,104.4800033569336
2022-10-26,96.43000030517578,98.30999755859375,94.69000244140625,94.93000030517578
2022-10-27,94.5199966430664,95.43000030517578,91.80000305175781,92.22000122070312
2022-10-28,92.2699966430664,96.55000305175781,92.12999725341797,96.29000091552734
2022-10-31,95.41999816894531,96.02999877929688,93.9800033569336,94.51000213623047
2022-11-01,95.44999694824219,96.02999877929688,90.37000274658203,90.47000122070312
2022-11-02,90.94000244140625,91.18000030517578,86.87999725341797,86.97000122070312
2022-11-03,86.31999969482422,86.5199966430664,83.33999633789062,83.43000030517578
2022-11-04,85.4000015258789,86.63999938964844,83.70999908447266,86.58000183105469
2022-11-07,87.27999877929688,88.9000015258789,86.8499984741211,88.48999786376953
2022-11-08,88.9000015258789,90.31999969482422,87.58999633789062,88.9000015258789
2022-11-09,88.44999694824219,89.44000244140625,87.27999877929688,87.31999969482422
2022-11-10,92.25,94.38999938964844,91.61000061035156,93.94000244140625
2022-11-11,94.69000244140625,96.93000030517578,93.91999816894531,96.41000366210938
2022-11-14,95.08999633789062,96.79000091552734,94.51000213623047,95.69999694824219
2022-11-15,98.26000213623047,100.13999938964844,96.70999908447266,98.44000244140625
2022-11-16,97.9000015258789,99.63999938964844,97.63999938964844,98.8499984741211
2022-11-17,96.97000122070312,99.27999877929688,96.79000091552734,98.36000061035156
2022-11-18,98.7699966430664,98.9000015258789,96.37000274658203,97.43000030517578
2022-11-21,97.29000091552734,98.4000015258789,95.36000061035156,95.5999984741211
2022-11-22,95.94999694824219,97.22000122070312,94.05000305175781,97.05000305175781
2022-11-23,97.08999633789062,98.76000213623047,97.08999633789062,98.45999908447266
2022-11-25,98.23999786376953,98.63999938964844,97.4000015258789,97.45999908447266
2022-11-28,97.04000091552734,97.58000183105469,95.61000061035156,96.05000305175781
2022-11-29,95.7300033569336,96.12000274658203,94.11000061035156,95.19000244140625
2022-11-30,94.81999969482422,101.04000091552734,94.41999816894531,100.98999786376953
2022-12-01,101.0199966430664,102.25,100.25,100.98999786376953
2022-12-02,99.05000305175781,100.7699966430664,98.9000015258789,100.44000244140625
2022-12-05,99.4000015258789,101.37999725341797,99.0,99.4800033569336
2022-12-06,99.30000305175781,99.77999877929688,96.41999816894531,96.9800033569336
2022-12-07,96.41000366210938,96.87999725341797,94.72000122070312,94.94000244140625
2022-12-08,95.37999725341797,95.58000183105469,93.44999694824219,93.70999908447266
2022-12-09,93.7699966430664,94.26000213623047,92.75,92.83000183105469
2022-12-12,92.70999908447266,93.55999755859375,91.61000061035156,93.30999755859375
2022-12-13,97.76000213623047,99.52999877929688,95.02999877929688,95.62999725341797
2022-12-14,95.19999694824219,96.87000274658203,93.5999984741211,95.06999969482422
2022-12-15,93.12999725341797,93.63999938964844,90.01000213623047,90.86000061035156
2022-12-16,90.76000213623047,91.33000183105469,89.5199966430664,90.26000213623047
2022-12-19,90.26000213623047,90.55999755859375,88.20999908447266,88.44000244140625
2022-12-20,88.11000061035156,89.18000030517578,87.44000244140625,89.0199966430664
2022-12-21,89.08000183105469,90.22000122070312,88.31999969482422,89.58000183105469
2022-12-22,88.16000366210938,88.54000091552734,86.31999969482422,87.76000213623047
2022-12-23,87.11000061035156,89.55000305175781,87.06999969482422,89.2300033569336
2022-12-27,88.80000305175781,88.94000244140625,87.01000213623047,87.38999938964844
2022-12-28,86.9800033569336,88.04000091552734,85.94000244140625,86.0199966430664
2022-12-29,86.62000274658203,88.8499984741211,86.61000061035156,88.44999694824219
2022-12-30,86.9800033569336,88.30000305175781,86.56999969482422,88.2300033569336
2023-01-03,89.58999633789062,91.05000305175781,88.5199966430664,89.12000274658203
2023-01-04,90.3499984741211,90.6500015258789,87.2699966430664,88.08000183105469
2023-01-05,87.47000122070312,87.56999969482422,85.9000015258789,86.19999694824219
2023-01-06,86.79000091552734,87.69000244140625,84.86000061035156,87.33999633789062
2023-01-09,88.36000061035156,90.05000305175781,87.86000061035156,88.0199966430664
2023-01-10,85.9800033569336,88.66999816894531,85.83000183105469,88.41999816894531
2023-01-11,89.18000030517578,91.5999984741211,89.01000213623047,91.5199966430664
2023-01-12,91.4800033569336,91.87000274658203,89.75,91.12999725341797
2023-01-13,90.8499984741211,92.19000244140625,90.12999725341797,92.12000274658203
2023-01-17,92.05999755859375,92.25,90.05000305175781,91.29000091552734
2023-01-18,92.13999938964844,92.80000305175781,90.63999938964844,91.12000274658203
2023-01-19,90.72000122070312,93.61000061035156,90.62999725341797,93.05000305175781
2023-01-20,95.0999984741211,98.30000305175781,95.0199966430664,98.0199966430664
2023-01-23,97.94999694824219,100.04000091552734,97.5,99.79000091552734
2023-01-24,98.0999984741211,99.61000061035156,97.19999694824219,97.69999694824219
2023-01-25,95.56999969482422,96.16000366210938,93.76000213623047,95.22000122070312
2023-01-26,96.5,97.56999969482422,95.37999725341797,97.5199966430664
2023-01-27,97.30999755859375,100.31999969482422,97.30999755859375,99.37000274658203
2023-01-30,97.4800033569336,98.29000091552734,96.4000015258789,96.94000244140625
2023-01-31,96.87000274658203,98.87999725341797,96.81999969482422,98.83999633789062
2023-02-01,98.70999908447266,101.19000244140625,97.58000183105469,100.43000030517578
2023-02-02,105.80000305175781,107.8499984741211,105.61000061035156,107.73999786376953
2023-02-03,102.93000030517578,107.80999755859375,102.58000183105469,104.77999877929688
2023-02-06,102.4000015258789,104.36000061035156,101.87999725341797,102.9000015258789
2023-02-07,103.22000122070312,108.18000030517578,103.12000274658203,107.63999938964844
2023-02-08,102.05000305175781,103.13999938964844,98.04000091552734,99.37000274658203
2023-02-09,100.0,100.02999877929688,93.62999725341797,95.01000213623047
2023-02-10,95.44999694824219,96.75,94.25,94.56999969482422
2023-02-13,94.73999786376953,95.19999694824219,93.83999633789062,94.61000061035156
2023-02-14,94.43000030517578,94.8499984741211,92.26000213623047,94.68000030517578
2023-02-15,94.48999786376953,97.12000274658203,94.1500015258789,96.94000244140625
2023-02-16,95.37000274658203,97.68000030517578,94.73999786376953,95.51000213623047
2023-02-17,94.8499984741211,95.55999755859375,93.20999908447266,94.3499984741211
2023-02-21,93.0,93.0999984741211,91.72000122070312,91.79000091552734
2023-02-22,91.69999694824219,92.11000061035156,90.61000061035156,91.6500015258789
2023-02-23,91.91999816894531,91.94000244140625,89.76000213623047,90.88999938964844
2023-02-24,89.44000244140625,89.88999938964844,88.58000183105469,89.12999725341797
2023-02-27,89.87000274658203,90.16000366210938,89.33999633789062,89.87000274658203
2023-02-28,89.33000183105469,91.2300033569336,89.31999969482422,90.05999755859375
2023-03-01,89.9800033569336,91.02999877929688,89.66999816894531,90.36000061035156
2023-03-02,89.66000366210938,92.27999877929688,89.58999633789062,92.0
2023-03-03,92.4800033569336,93.7300033569336,92.44999694824219,93.6500015258789
2023-03-06,94.0199966430664,95.97000122070312,94.0,95.12999725341797
2023-03-07,94.9800033569336,95.66999816894531,93.52999877929688,93.86000061035156
2023-03-08,94.12000274658203,95.95999908447266,94.0,94.25
2023-03-09,94.05000305175781,95.52999877929688,91.9000015258789,92.31999969482422
2023-03-10,92.16999816894531,92.79000091552734,90.4000015258789,90.62999725341797
2023-03-13,90.08999633789062,92.56999969482422,89.41999816894531,91.11000061035156
2023-03-14,92.55999755859375,94.36000061035156,92.44000244140625,93.97000122070312
2023-03-15,93.22000122070312,96.93000030517578,92.63999938964844,96.11000061035156
2023-03-16,96.19999694824219,101.19000244140625,95.5,100.31999969482422
2023-03-17,100.26000213623047,102.83999633789062,100.0999984741211,101.62000274658203
2023-03-20,100.12000274658203,101.75,99.87000274658203,101.22000122070312
2023-03-21,101.25,105.0999984741211,101.22000122070312,104.91999816894531
2023-03-22,104.2699966430664,106.58999633789062,103.33000183105469,103.37000274658203
2023-03-23,105.05999755859375,106.30000305175781,104.45999908447266,105.5999984741211
2023-03-24,104.98999786376953,105.48999786376953,103.83999633789062,105.44000244140625
2023-03-27,104.62000274658203,104.76000213623047,101.93000030517578,102.45999908447266
2023-03-28,102.44000244140625,102.44999694824219,99.73999786376953,101.02999877929688
2023-03-29,102.27999877929688,102.48999786376953,100.6500015258789,101.38999938964844
2023-03-30,100.91000366210938,101.16000366210938,99.77999877929688,100.88999938964844
2023-03-31,101.30000305175781,103.88999938964844,101.04000091552734,103.7300033569336
2023-04-03,102.38999938964844,104.52999877929688,101.93000030517578,104.36000061035156
2023-04-04,104.33000183105469,105.58000183105469,104.04000091552734,104.72000122070312
2023-04-05,105.77999877929688,106.0999984741211,103.66000366210938,104.47000122070312
2023-04-06,105.26000213623047,109.16999816894531,104.33000183105469,108.41999816894531
2023-04-10,106.9800033569336,107.58999633789062,105.12000274658203,106.44000244140625
2023-04-11,106.55000305175781,106.7300033569336,104.68000030517578,105.3499984741211
2023-04-12,106.58000183105469,106.75,104.33999633789062,104.63999938964844
2023-04-13,105.83999633789062,107.48999786376953,105.83999633789062,107.43000030517578
2023-04-14,106.88999938964844,108.94000244140625,106.83999633789062,108.87000274658203
2023-04-17,104.66000366210938,106.16000366210938,104.5199966430664,105.97000122070312
2023-04-18,106.48999786376953,106.54000091552734,104.06999969482422,104.5
2023-04-19,103.58000183105469,104.9800033569336,103.06999969482422,104.18000030517578
2023-04-20,103.91000366210938,106.25,103.87000274658203,105.29000091552734
2023-04-21,105.47000122070312,106.0,104.77999877929688,105.41000366210938
2023-04-24,105.48999786376953,106.62999725341797,104.69999694824219,105.97000122070312
2023-04-25,105.83000183105469,106.69000244140625,103.83999633789062,103.8499984741211
2023-04-26,104.91999816894531,106.3499984741211,102.62999725341797,103.70999908447266
2023-04-27,104.44999694824219,108.37000274658203,103.54000091552734,107.58999633789062
2023-04-28,107.04000091552734,107.3499984741211,105.08999633789062,107.33999633789062
2023-05-01,106.83999633789062,107.98999786376953,106.81999969482422,107.19999694824219
2023-05-02,107.13999938964844,107.19999694824219,103.70999908447266,105.31999969482422
2023-05-03,105.52999877929688,107.48999786376953,104.95999908447266,105.41000366210938
2023-05-04,105.48999786376953,105.5999984741211,103.97000122070312,104.69000244140625
2023-05-05,104.81999969482422,105.87999725341797,104.11000061035156,105.56999969482422
2023-05-08,105.18000030517578,107.95999908447266,105.16000366210938,107.7699966430664
2023-05-09,108.38999938964844,110.1500015258789,107.19000244140625,107.3499984741211
2023-05-10,107.97000122070312,112.94000244140625,107.93000030517578,111.75
2023-05-11,115.4000015258789,117.91999816894531,114.41000366210938,116.56999969482422
2023-05-12,116.68000030517578,118.02999877929688,116.11000061035156,117.51000213623047
2023-05-15,116.11000061035156,118.4800033569336,116.01000213623047,116.51000213623047
2023-05-16,116.48999786376953,120.75,116.43000030517578,119.51000213623047
2023-05-17,119.61000061035156,121.66999816894531,118.88999938964844,120.83999633789062
2023-05-18,120.94999694824219,123.30999755859375,120.83000183105469,122.83000183105469
2023-05-19,123.55000305175781,125.97000122070312,122.1500015258789,122.76000213623047
2023-05-22,122.94000244140625,126.43000030517578,122.73999786376953,125.05000305175781
2023-05-23,124.16000366210938,124.62999725341797,122.20999908447266,122.55999755859375
2023-05-24,121.12000274658203,121.91000366210938,119.86000061035156,120.9000015258789
2023-05-25,124.5199966430664,125.31999969482422,121.95999908447266,123.4800033569336
2023-05-26,123.16999816894531,125.26000213623047,122.44999694824219,124.61000061035156
2023-05-30,125.63999938964844,125.66000366210938,122.0,123.66999816894531
2023-05-31,122.75,124.05999755859375,122.5,122.87000274658203
2023-06-01,122.81999969482422,124.41999816894531,122.62000274658203,123.72000122070312
2023-06-02,123.98999786376953,126.1500015258789,123.76000213623047,124.66999816894531
2023-06-05,124.01000213623047,127.43000030517578,123.83999633789062,126.01000213623047
2023-06-06,126.01000213623047,128.2899932861328,125.36000061035156,127.30999755859375
2023-06-07,126.97000122070312,129.0399932861328,122.12000274658203,122.5
2023-06-08,122.2300033569336,123.2300033569336,121.23999786376953,122.13999938964844
2023-06-09,122.25,123.76000213623047,121.91000366210938,122.2300033569336
2023-06-12,122.79000091552734,124.05000305175781,121.66000366210938,123.63999938964844
2023-06-13,124.9800033569336,125.16000366210938,123.18000030517578,123.83000183105469
2023-06-14,123.0999984741211,124.05000305175781,121.44999694824219,123.66999816894531
2023-06-15,123.13999938964844,125.45999908447266,122.4000015258789,125.08999633789062
2023-06-16,125.93000030517578,126.11000061035156,123.27999877929688,123.52999877929688
2023-06-20,122.93000030517578,124.56999969482422,122.13999938964844,123.0999984741211
2023-06-21,122.4000015258789,122.66000366210938,120.0999984741211,120.55000305175781
2023-06-22,120.0,123.23999786376953,118.83000183105469,123.1500015258789
2023-06-23,121.37999725341797,122.79000091552734,121.05999755859375,122.33999633789062
2023-06-26,120.76000213623047,122.0,118.2699966430664,118.33999633789062
2023-06-27,117.08000183105469,119.08000183105469,116.0999984741211,118.33000183105469
2023-06-28,117.08999633789062,120.38999938964844,116.8499984741211,120.18000030517578
2023-06-29,119.23999786376953,120.05999755859375,118.30000305175781,119.0999984741211
2023-06-30,120.16999816894531,121.08000183105469,119.69000244140625,119.69999694824219
2023-07-03,119.23999786376953,120.19000244140625,118.81999969482422,119.9000015258789
2023-07-05,119.23999786376953,122.61000061035156,119.2300033569336,121.75
2023-07-06,119.80000305175781,120.30000305175781,118.4000015258789,120.11000061035156
2023-07-07,120.0999984741211,121.05000305175781,119.4000015258789,119.4800033569336
2023-07-10,118.30000305175781,118.30999755859375,116.13999938964844,116.44999694824219
2023-07-11,116.29000091552734,117.70999908447266,115.3499984741211,117.13999938964844
2023-07-12,118.80000305175781,120.33000183105469,118.41000366210938,118.93000030517578
2023-07-13,120.93000030517578,124.83000183105469,120.44999694824219,124.54000091552734
2023-07-14,124.80000305175781,126.77999877929688,123.48999786376953,125.41999816894531
2023-07-17,125.94000244140625,127.0999984741211,124.19999694824219,124.6500015258789
2023-07-18,124.5999984741211,124.68000030517578,122.95999908447266,123.76000213623047
2023-07-19,124.5999984741211,125.18000030517578,121.80000305175781,122.02999877929688
2023-07-20,121.41999816894531,124.08999633789062,118.22000122070312,119.19999694824219
2023-07-21,120.62000274658203,120.98999786376953,118.7300033569336,120.0199966430664
2023-07-24,121.66000366210938,123.0,120.9800033569336,121.52999877929688
2023-07-25,121.36000061035156,123.1500015258789,121.0199966430664,122.20999908447266
2023-07-26,130.07000732421875,130.97999572753906,128.32000732421875,129.27000427246094
2023-07-27,131.6699981689453,133.24000549316406,128.7899932861328,129.39999389648438
2023-07-28,130.77999877929688,133.74000549316406,130.57000732421875,132.5800018310547
2023-07-31,132.72999572753906,133.52999877929688,131.77999877929688,132.72000122070312
2023-08-01,130.77999877929688,132.6300048828125,130.67999267578125,131.5500030517578
2023-08-02,129.4499969482422,130.08999633789062,127.55999755859375,128.3800048828125
2023-08-03,127.97000122070312,129.38999938964844,127.41999816894531,128.4499969482422
2023-08-04,129.27999877929688,131.50999450683594,127.91000366210938,128.11000061035156
2023-08-07,129.16000366210938,131.61000061035156,129.02000427246094,131.52999877929688
2023-08-08,130.6199951171875,131.50999450683594,129.5399932861328,131.39999389648438
2023-08-09,131.66000366210938,132.0399932861328,129.0,129.66000366210938
2023-08-10,131.32000732421875,132.0500030517578,129.4499969482422,129.69000244140625
2023-08-11,128.66000366210938,129.92999267578125,128.1699981689453,129.55999755859375
2023-08-14,129.38999938964844,131.3699951171875,128.9600067138672,131.3300018310547
2023-08-15,131.10000610351562,131.4199981689453,129.27999877929688,129.77999877929688
2023-08-16,128.6999969482422,130.27999877929688,127.87000274658203,128.6999969482422
2023-08-17,129.8000030517578,131.99000549316406,129.2899932861328,129.9199981689453
2023-08-18,128.50999450683594,129.25,126.37999725341797,127.45999908447266
2023-08-21,127.18000030517578,128.72999572753906,126.55999755859375,128.3699951171875
2023-08-22,128.50999450683594,130.27999877929688,128.32000732421875,129.0800018310547
2023-08-23,130.17999267578125,133.41000366210938,129.8699951171875,132.3699951171875
2023-08-24,133.9499969482422,134.25,129.57000732421875,129.77999877929688
2023-08-25,129.5399932861328,130.75999450683594,127.25,129.8800048828125
2023-08-28,131.30999755859375,132.5399932861328,130.13999938964844,131.00999450683594
2023-08-29,132.24000549316406,136.57000732421875,132.24000549316406,134.57000732421875
2023-08-30,134.77999877929688,136.27999877929688,134.07000732421875,135.8800048828125
2023-08-31,136.00999450683594,138.0,135.7899932861328,136.1699981689453
2023-09-01,137.4600067138672,137.4600067138672,134.85000610351562,135.66000366210938
2023-09-05,135.44000244140625,136.4199981689453,134.5800018310547,135.77000427246094
2023-09-06,136.02000427246094,136.52999877929688,133.6699981689453,134.4600067138672
2023-09-07,133.58999633789062,135.5800018310547,132.9499969482422,135.25999450683594
2023-09-08,134.91000366210938,136.66000366210938,134.85000610351562,136.3800048828125
2023-09-11,136.5399932861328,137.47999572753906,135.7899932861328,136.9199981689453
2023-09-12,136.25999450683594,136.8699951171875,135.19000244140625,135.33999633789062
2023-09-13,135.08999633789062,136.89999389648438,134.14999389648438,136.7100067138672
2023-09-14,137.60000610351562,138.6999969482422,136.24000549316406,138.10000610351562
2023-09-15,137.97999572753906,138.52000427246094,136.47999572753906,137.39999389648438
2023-09-18,136.61000061035156,139.16000366210938,136.61000061035156,138.2100067138672
2023-09-19,137.4199981689453,138.41000366210938,136.6199951171875,138.0399932861328
2023-09-20,138.0800018310547,138.0800018310547,133.6199951171875,133.74000549316406
2023-09-21,131.44000244140625,132.22999572753906,130.07000732421875,130.44000244140625
2023-09-22,130.75999450683594,132.02999877929688,129.60000610351562,130.25
2023-09-25,129.8300018310547,131.1699981689453,128.9600067138672,131.11000061035156
2023-09-26,129.77000427246094,130.36000061035156,127.22000122070312,128.57000732421875
2023-09-27,128.57000732421875,130.89999389648438,128.57000732421875,130.5399932861328
2023-09-28,129.83999633789062,133.3000030517578,129.7899932861328,132.30999755859375
2023-09-29,133.27999877929688,134.0500030517578,130.36000061035156,130.86000061035156
2023-10-02,131.2100067138672,134.4199981689453,131.1699981689453,134.1699981689453
2023-10-03,133.94000244140625,134.25999450683594,131.83999633789062,132.42999267578125
2023-10-04,132.7899932861328,135.57000732421875,132.52999877929688,135.24000549316406
2023-10-05,135.07000732421875,135.49000549316406,133.4499969482422,135.07000732421875
2023-10-06,134.00999450683594,138.16000366210938,134.00999450683594,137.5800018310547
2023-10-09,136.94000244140625,138.94000244140625,135.61000061035156,138.4199981689453
2023-10-10,138.5,139.72000122070312,137.3300018310547,138.05999755859375
2023-10-11,138.5800018310547,141.11000061035156,138.5800018310547,140.5500030517578
2023-10-12,141.0500030517578,141.22000122070312,138.25999450683594,138.97000122070312
2023-10-13,139.3800048828125,140.0,136.6199951171875,137.36000061035156
2023-10-16,138.1699981689453,139.6300048828125,137.99000549316406,139.10000610351562
2023-10-17,138.6300048828125,139.89999389648438,137.17999267578125,139.72000122070312
2023-10-18,139.4499969482422,140.72000122070312,137.3800048828125,137.9600067138672
2023-10-19,138.5,139.66000366210938,137.3800048828125,137.75
2023-10-20,137.3300018310547,137.8699951171875,135.0800018310547,135.60000610351562
2023-10-23,135.0399932861328,137.66000366210938,133.9499969482422,136.5
2023-10-24,137.8300018310547,139.36000061035156,137.4199981689453,138.80999755859375
2023-10-25,128.16000366210938,128.30999755859375,125.06999969482422,125.61000061035156
2023-10-26,123.2699966430664,124.33000183105469,121.2699966430664,122.27999877929688
2023-10-27,122.87999725341797,123.30999755859375,120.20999908447266,122.16999816894531
2023-10-30,123.20999908447266,125.4000015258789,122.75,124.45999908447266
2023-10-31,125.05999755859375,125.37000274658203,122.69000244140625,124.08000183105469
2023-11-01,124.06999969482422,126.48999786376953,123.72000122070312,126.44999694824219
2023-11-02,128.4199981689453,128.97999572753906,126.93000030517578,127.48999786376953
2023-11-03,128.02000427246094,129.52999877929688,127.86000061035156,129.10000610351562
2023-11-06,129.0500030517578,130.33999633789062,128.6699981689453,130.25
2023-11-07,130.7100067138672,131.91000366210938,129.8800048828125,130.97000122070312
2023-11-08,130.97000122070312,132.2100067138672,130.77999877929688,131.83999633789062
2023-11-09,131.9600067138672,132.5500030517578,130.07000732421875,130.24000549316406
2023-11-10,130.10000610351562,132.8000030517578,129.41000366210938,132.58999633789062
2023-11-13,131.77999877929688,132.58999633789062,131.25,132.08999633789062
2023-11-14,134.19000244140625,135.6999969482422,133.32000732421875,133.6199951171875
2023-11-15,134.8699951171875,135.02999877929688,133.57000732421875,134.6199951171875
2023-11-16,135.19000244140625,137.22000122070312,134.32000732421875,136.92999267578125
2023-11-17,136.0,136.05999755859375,133.64999389648438,135.30999755859375
2023-11-20,133.69000244140625,136.66000366210938,133.6199951171875,136.25
2023-11-21,136.2899932861328,137.17999267578125,135.9600067138672,136.97000122070312
2023-11-22,137.47000122070312,139.4199981689453,137.47000122070312,138.49000549316406
2023-11-24,138.02999877929688,138.1300048828125,135.99000549316406,136.69000244140625
2023-11-27,136.02999877929688,138.4199981689453,136.0,136.41000366210938
2023-11-28,136.0800018310547,137.25,135.4199981689453,137.1999969482422
2023-11-29,137.57000732421875,138.2899932861328,134.83999633789062,134.99000549316406
2023-11-30,135.0500030517578,135.5500030517578,131.27999877929688,132.52999877929688
2023-12-01,131.86000061035156,132.11000061035156,130.6699981689453,131.86000061035156
2023-12-04,129.8800048828125,130.02999877929688,127.9000015258789,129.27000427246094
2023-12-05,128.9499969482422,132.13999938964844,128.25,130.99000549316406
2023-12-06,131.44000244140625,131.83999633789062,129.8800048828125,130.02000427246094
2023-12-07,135.0399932861328,138.55999755859375,134.6999969482422,136.92999267578125
2023-12-08,134.1999969482422,136.39999389648438,134.02999877929688,134.99000549316406
2023-12-11,132.3800048828125,133.33999633789062,131.36000061035156,133.2899932861328
2023-12-12,131.80999755859375,133.0,131.25999450683594,132.52000427246094
2023-12-13,133.3800048828125,133.5,131.57000732421875,132.57000732421875
2023-12-14,133.3800048828125,133.72000122070312,129.69000244140625,131.94000244140625
2023-12-15,131.6199951171875,133.50999450683594,131.17999267578125,132.60000610351562
2023-12-18,132.6300048828125,137.14999389648438,132.42999267578125,135.8000030517578
2023-12-19,136.83999633789062,137.47000122070312,136.0800018310547,136.64999389648438
2023-12-20,138.97000122070312,141.6999969482422,138.07000732421875,138.33999633789062
2023-12-21,139.49000549316406,140.69000244140625,139.17999267578125,140.4199981689453
2023-12-22,140.77000427246094,141.99000549316406,140.7100067138672,141.49000549316406
2023-12-26,141.58999633789062,142.67999267578125,141.19000244140625,141.52000427246094
2023-12-27,141.58999633789062,142.0800018310547,139.88999938964844,140.3699951171875
2023-12-28,140.77999877929688,141.13999938964844,139.75,140.22999572753906
2023-12-29,139.6300048828125,140.36000061035156,138.77999877929688,139.69000244140625
2024-01-02,138.5500030517578,139.4499969482422,136.47999572753906,138.1699981689453
2024-01-03,137.25,139.6300048828125,137.0800018310547,138.9199981689453
2024-01-04,138.4199981689453,139.16000366210938,136.35000610351562,136.38999938964844
2024-01-05,136.75,137.16000366210938,135.14999389648438,135.72999572753906
2024-01-08,136.2899932861328,139.00999450683594,136.25999450683594,138.83999633789062
2024-01-09,138.5,141.49000549316406,138.14999389648438,140.9499969482422
2024-01-10,141.0,143.0,140.91000366210938,142.27999877929688
2024-01-11,143.49000549316406,145.22000122070312,140.63999938964844,142.0800018310547
2024-01-12,142.6699981689453,143.1999969482422,141.82000732421875,142.64999389648438
2024-01-16,142.0,144.35000610351562,141.4499969482422,142.49000549316406
2024-01-17,141.35000610351562,141.83999633789062,138.89999389648438,141.47000122070312
2024-01-18,142.0500030517578,144.2100067138672,141.99000549316406,143.47999572753906
2024-01-19,144.74000549316406,146.4499969482422,144.3800048828125,146.3800048828125
2024-01-22,147.10000610351562,148.38999938964844,145.83999633789062,145.99000549316406
2024-01-23,145.88999938964844,147.17999267578125,145.5,147.0399932861328
2024-01-24,148.5399932861328,149.85000610351562,148.10000610351562,148.6999969482422
2024-01-25,150.07000732421875,153.0500030517578,149.5399932861328,151.8699951171875
2024-01-26,151.10000610351562,152.5399932861328,151.00999450683594,152.19000244140625
2024-01-29,152.05999755859375,153.77999877929688,151.42999267578125,153.50999450683594
2024-01-30,152.8000030517578,153.6199951171875,151.19000244140625,151.4600067138672
2024-01-31,143.6199951171875,144.0,139.8699951171875,140.10000610351562
2024-02-01,142.1199951171875,143.05999755859375,140.7899932861328,141.16000366210938
2024-02-02,139.25999450683594,142.6199951171875,136.5,142.3800048828125
2024-02-05,142.82000732421875,145.47000122070312,142.77999877929688,143.67999267578125
2024-02-06,144.64999389648438,145.36000061035156,143.19000244140625,144.10000610351562
2024-02-07,144.75999450683594,145.6199951171875,143.92999267578125,145.5399932861328
2024-02-08,145.8300018310547,146.3300018310547,145.10000610351562,145.91000366210938
2024-02-09,146.67999267578125,149.44000244140625,146.17999267578125,149.0
2024-02-12,148.4199981689453,149.33999633789062,147.3699951171875,147.52999877929688
2024-02-13,144.9199981689453,146.6699981689453,143.69000244140625,145.13999938964844
2024-02-14,146.0800018310547,146.52000427246094,144.08999633789062,145.94000244140625
2024-02-15,143.13999938964844,143.52000427246094,140.4600067138672,142.77000427246094
2024-02-16,142.99000549316406,143.19000244140625,140.13999938964844,140.52000427246094
2024-02-20,139.66000366210938,142.0800018310547,139.49000549316406,141.1199951171875
2024-02-21,141.4499969482422,142.69000244140625,140.67999267578125,142.5500030517578
2024-02-22,144.92999267578125,145.0,142.8000030517578,144.08999633789062
2024-02-23,143.6699981689453,144.67999267578125,143.42999267578125,143.9600067138672
2024-02-26,142.13999938964844,142.44000244140625,137.38999938964844,137.57000732421875
2024-02-27,138.02000427246094,139.25,137.08999633789062,138.8800048828125
2024-02-28,137.89999389648438,138.00999450683594,135.41000366210938,136.3800048828125
2024-02-29,137.27999877929688,138.86000061035156,136.39999389648438,138.4600067138672
2024-03-01,138.42999267578125,138.8699951171875,136.9199981689453,137.13999938964844
2024-03-04,135.66000366210938,135.66000366210938,131.91000366210938,133.35000610351562
2024-03-05,131.8800048828125,133.24000549316406,130.6699981689453,132.6699981689453
2024-03-06,133.1199951171875,133.5800018310547,130.85000610351562,131.39999389648438
2024-03-07,132.7899932861328,134.94000244140625,131.61000061035156,134.3800048828125
2024-03-08,134.2100067138672,138.08999633789062,134.0,135.41000366210938
2024-03-11,136.1300048828125,139.10000610351562,136.1300048828125,137.6699981689453
2024-03-12,137.02999877929688,139.3800048828125,137.02999877929688,138.5
2024-03-13,139.0,141.08999633789062,138.99000549316406,139.7899932861328
2024-03-14,141.19000244140625,143.58999633789062,140.4600067138672,143.10000610351562
2024-03-15,142.5,143.17999267578125,140.02999877929688,141.17999267578125
2024-03-18,148.61000061035156,152.14999389648438,147.1699981689453,147.67999267578125
2024-03-19,148.16000366210938,148.7899932861328,146.0800018310547,147.02999877929688
2024-03-20,148.0,148.86000061035156,146.74000549316406,148.74000549316406
2024-03-21,149.47000122070312,150.3699951171875,146.89999389648438,147.60000610351562
2024-03-22,149.1199951171875,151.5800018310547,148.97999572753906,150.77000427246094
2024-03-25,149.94000244140625,150.3800048828125,147.82000732421875,150.07000732421875
2024-03-26,150.22000122070312,152.25999450683594,149.97999572753906,150.6699981689453
2024-03-27,151.17999267578125,151.63999938964844,148.89999389648438,150.8699951171875
2024-03-28,150.85000610351562,151.42999267578125,150.1699981689453,150.92999267578125
2024-04-01,150.69000244140625,155.74000549316406,150.61000061035156,155.49000549316406
2024-04-02,153.5,154.6999969482422,152.14999389648438,154.55999755859375
2024-04-03,153.60000610351562,155.0800018310547,152.72999572753906,154.9199981689453
2024-04-04,153.5,154.77000427246094,150.4499969482422,150.52999877929688
2024-04-05,150.02999877929688,153.4199981689453,149.60000610351562,152.5
2024-04-08,152.77999877929688,155.27000427246094,152.61000061035156,154.85000610351562
2024-04-09,156.08999633789062,158.55999755859375,155.19000244140625,156.60000610351562
2024-04-10,156.2100067138672,156.61000061035156,154.67999267578125,156.13999938964844
2024-04-11,156.91000366210938,159.67999267578125,156.4600067138672,159.41000366210938
2024-04-12,157.9600067138672,160.22000122070312,157.13999938964844,157.72999572753906
2024-04-15,158.86000061035156,159.24000549316406,154.58999633789062,154.86000061035156
2024-04-16,154.19000244140625,155.64999389648438,153.42999267578125,154.39999389648438
2024-04-17,155.6199951171875,157.0800018310547,154.5800018310547,155.47000122070312
2024-04-18,155.33999633789062,156.94000244140625,154.6199951171875,156.00999450683594
2024-04-19,156.1999969482422,156.36000061035156,152.3000030517578,154.08999633789062
2024-04-22,154.30999755859375,157.63999938964844,154.05999755859375,156.27999877929688
2024-04-23,156.9600067138672,158.97000122070312,156.27999877929688,158.25999450683594
2024-04-24,157.49000549316406,159.57000732421875,157.1699981689453,159.1300048828125
2024-04-25,151.3300018310547,156.49000549316406,150.8699951171875,156.0
2024-04-26,174.3699951171875,174.7100067138672,169.64999389648438,171.9499969482422
2024-04-29,169.05999755859375,169.5500030517578,165.2100067138672,166.14999389648438
2024-04-30,165.61000061035156,168.10000610351562,162.60000610351562,162.77999877929688
2024-05-01,164.3000030517578,167.1199951171875,163.08999633789062,163.86000061035156
2024-05-02,164.7899932861328,166.72999572753906,163.88999938964844,166.6199951171875
2024-05-03,167.55999755859375,167.9600067138672,163.0500030517578,167.24000549316406
2024-05-06,167.4600067138672,168.13999938964844,166.02999877929688,168.10000610351562
2024-05-07,168.5,171.75999450683594,168.38999938964844,171.25
2024-05-08,169.0,170.14999389648438,168.74000549316406,169.3800048828125
2024-05-09,169.38999938964844,170.69000244140625,168.17999267578125,169.9600067138672
2024-05-10,168.02999877929688,169.85000610351562,166.19000244140625,168.64999389648438
2024-05-13,164.25999450683594,169.27999877929688,164.0,169.13999938964844
2024-05-14,169.77000427246094,171.25,168.8000030517578,170.33999633789062
2024-05-15,170.6300048828125,172.64999389648438,170.50999450683594,172.50999450683594
2024-05-16,173.2899932861328,175.1199951171875,172.69000244140625,174.17999267578125
2024-05-17,174.17999267578125,176.27000427246094,173.69000244140625,176.05999755859375
2024-05-20,176.19000244140625,178.77000427246094,176.0800018310547,176.9199981689453
2024-05-21,176.89999389648438,178.14999389648438,175.80999755859375,177.85000610351562
2024-05-22,176.63999938964844,177.14999389648438,175.2100067138672,176.3800048828125
2024-05-23,177.07000732421875,178.25,172.9499969482422,173.5500030517578
2024-05-24,174.97999572753906,175.77000427246094,173.64999389648438,174.99000549316406
2024-05-28,174.4499969482422,177.27000427246094,174.3699951171875,176.39999389648438
2024-05-29,175.42999267578125,176.83999633789062,174.72000122070312,175.89999389648438
2024-05-30,175.1999969482422,175.22000122070312,171.7899932861328,172.11000061035156
2024-05-31,171.86000061035156,173.05999755859375,169.44000244140625,172.5
2024-06-03,172.5399932861328,174.52999877929688,171.16000366210938,173.1699981689453
2024-06-04,173.27999877929688,173.85000610351562,171.88999938964844,173.7899932861328
2024-06-05,175.1999969482422,176.64999389648438,173.92999267578125,175.41000366210938
2024-06-06,175.89999389648438,177.14999389648438,175.75,176.72999572753906
2024-06-07,177.0500030517578,177.8699951171875,174.3000030517578,174.4600067138672
2024-06-10,174.97000122070312,177.05999755859375,172.75999450683594,175.00999450683594
2024-06-11,176.22000122070312,176.83999633789062,173.77000427246094,176.6199951171875
2024-06-12,178.25,180.41000366210938,176.11000061035156,177.7899932861328
2024-06-13,176.11000061035156,176.74000549316406,174.8800048828125,175.16000366210938
2024-06-14,174.22000122070312,177.05999755859375,174.14999389648438,176.7899932861328
2024-06-17,175.4600067138672,178.36000061035156,174.80999755859375,177.24000549316406
2024-06-18,177.13999938964844,177.38999938964844,174.10000610351562,175.08999633789062
2024-06-20,175.3699951171875,177.2899932861328,174.99000549316406,176.3000030517578
2024-06-21,177.0,180.85000610351562,176.61000061035156,179.6300048828125
2024-06-24,180.16000366210938,180.88999938964844,178.6699981689453,179.22000122070312
2024-06-25,179.6199951171875,184.2899932861328,179.4199981689453,184.02999877929688
2024-06-26,182.6300048828125,184.50999450683594,182.47999572753906,183.8800048828125
2024-06-27,184.17999267578125,186.0500030517578,184.02000427246094,185.41000366210938
2024-06-28,184.32000732421875,185.1300048828125,181.9600067138672,182.14999389648438
2024-07-01,183.02999877929688,183.8800048828125,181.3000030517578,182.99000549316406
2024-07-02,182.0500030517578,185.57000732421875,181.55999755859375,185.24000549316406
2024-07-03,184.85000610351562,186.08999633789062,184.0,185.82000732421875
2024-07-05,185.86000061035156,190.86000061035156,185.8000030517578,190.60000610351562
2024-07-08,189.89999389648438,190.1699981689453,187.77999877929688,189.02999877929688
2024-07-09,190.30999755859375,191.36000061035156,188.72000122070312,188.97999572753906
2024-07-10,189.14999389648438,191.75,189.02999877929688,191.17999267578125
2024-07-11,189.85000610351562,190.86000061035156,185.0800018310547,185.57000732421875
2024-07-12,185.0800018310547,187.11000061035156,184.49000549316406,185.07000732421875
2024-07-15,184.9199981689453,188.24000549316406,184.9199981689453,186.52999877929688
2024-07-16,187.36000061035156,188.67999267578125,183.3699951171875,183.9199981689453
2024-07-17,182.97000122070312,183.5500030517578,179.89999389648438,181.02000427246094
2024-07-18,181.92999267578125,182.5,176.47000122070312,177.69000244140625
2024-07-19,178.8800048828125,180.2899932861328,177.1300048828125,177.66000366210938
2024-07-22,180.58999633789062,182.6999969482422,180.22999572753906,181.6699981689453
2024-07-23,182.0500030517578,183.61000061035156,181.5399932861328,181.7899932861328
2024-07-24,173.60000610351562,176.19000244140625,171.82000732421875,172.6300048828125
2024-07-25,172.52000427246094,173.4199981689453,167.19000244140625,167.27999877929688
2024-07-26,167.14999389648438,168.08999633789062,164.05999755859375,167.0
2024-07-29,168.8300018310547,170.42999267578125,167.99000549316406,169.52999877929688
2024-07-30,170.24000549316406,171.22999572753906,168.44000244140625,170.2899932861328
2024-07-31,173.24000549316406,174.25,170.00999450683594,171.5399932861328
2024-08-01,170.25,174.0500030517578,168.8800048828125,170.75999450683594
2024-08-02,166.44000244140625,168.50999450683594,164.6699981689453,166.66000366210938
2024-08-05,155.5,164.42999267578125,154.92999267578125,159.25
2024-08-06,159.3300018310547,160.57000732421875,156.41000366210938,158.2899932861328
2024-08-07,161.25,162.97999572753906,158.47000122070312,158.94000244140625
2024-08-08,160.50999450683594,163.69000244140625,160.2100067138672,162.02999877929688
2024-08-09,160.00999450683594,163.7899932861328,159.05999755859375,163.6699981689453
2024-08-12,164.35000610351562,164.89999389648438,161.83999633789062,162.2899932861328
2024-08-13,163.41000366210938,164.72999572753906,162.97000122070312,164.16000366210938
2024-08-14,162.39999389648438,163.22000122070312,157.7100067138672,160.3699951171875
2024-08-15,160.5,161.63999938964844,159.61000061035156,161.3000030517578
2024-08-16,161.47000122070312,165.05999755859375,161.1300048828125,162.9600067138672
2024-08-19,165.27999877929688,166.69000244140625,164.25999450683594,166.6699981689453
2024-08-20,166.89999389648438,168.63999938964844,166.82000732421875,167.17999267578125
2024-08-21,165.14999389648438,166.85000610351562,164.6699981689453,165.85000610351562
2024-08-22,167.25999450683594,167.58999633789062,163.30999755859375,163.8000030517578
2024-08-23,164.72000122070312,166.17999267578125,163.8300018310547,165.6199951171875
2024-08-26,166.3800048828125,167.5500030517578,164.4600067138672,166.16000366210938
2024-08-27,165.83999633789062,166.44000244140625,164.4600067138672,164.67999267578125
2024-08-28,165.0399932861328,165.60000610351562,161.52999877929688,162.85000610351562
2024-08-29,164.30999755859375,165.97000122070312,160.25,161.77999877929688
2024-08-30,162.6199951171875,163.66000366210938,161.69000244140625,163.3800048828125
2024-09-03,161.72000122070312,161.85000610351562,156.47999572753906,157.36000061035156
2024-09-04,156.66000366210938,159.0,155.9600067138672,156.4499969482422
2024-09-05,156.3000030517578,159.4499969482422,155.97999572753906,157.24000549316406
2024-09-06,157.3000030517578,157.8300018310547,150.5500030517578,150.9199981689453
2024-09-09,152.50999450683594,153.39999389648438,147.22000122070312,148.7100067138672
2024-09-10,150.4499969482422,151.27000427246094,148.33999633789062,148.66000366210938
2024-09-11,149.9199981689453,151.5,147.52000427246094,151.16000366210938
2024-09-12,153.8000030517578,154.82000732421875,152.64999389648438,154.69000244140625
2024-09-13,155.42999267578125,158.3800048828125,155.2100067138672,157.4600067138672
2024-09-16,157.30999755859375,158.25,156.60000610351562,158.05999755859375
2024-09-17,159.02000427246094,160.5500030517578,158.3800048828125,159.32000732421875
2024-09-18,159.86000061035156,160.5,158.60000610351562,159.80999755859375
2024-09-19,163.7100067138672,163.7899932861328,161.33999633789062,162.13999938964844
2024-09-20,163.5,163.72999572753906,162.05999755859375,163.58999633789062
2024-09-23,164.35000610351562,165.49000549316406,161.6699981689453,161.85000610351562
2024-09-24,163.02999877929688,163.22000122070312,160.69000244140625,162.2899932861328
2024-09-25,161.47000122070312,162.80999755859375,161.3000030517578,161.49000549316406
2024-09-26,163.63999938964844,164.0800018310547,162.27999877929688,162.72999572753906
2024-09-27,162.80999755859375,165.6999969482422,162.6300048828125,163.9499969482422
2024-09-30,163.32000732421875,166.14999389648438,163.25999450683594,165.85000610351562
2024-10-01,167.69000244140625,169.16000366210938,164.5800018310547,166.99000549316406
2024-10-02,166.4199981689453,167.52000427246094,164.72999572753906,165.86000061035156
2024-10-03,164.41000366210938,166.63999938964844,163.9199981689453,165.86000061035156
2024-10-04,168.05999755859375,168.22999572753906,165.47999572753906,167.05999755859375
2024-10-07,167.72000122070312,168.47999572753906,162.75,162.97999572753906
2024-10-08,163.94000244140625,164.72999572753906,162.8699951171875,164.3800048828125
2024-10-09,163.4499969482422,164.83999633789062,159.74000549316406,161.86000061035156
2024-10-10,160.8699951171875,163.07000732421875,160.39999389648438,162.0800018310547
2024-10-11,162.1300048828125,163.89999389648438,161.24000549316406,163.24000549316406
2024-10-14,163.63999938964844,166.22999572753906,163.39999389648438,164.9600067138672
2024-10-15,165.7899932861328,167.67999267578125,164.6300048828125,165.4600067138672
2024-10-16,164.52999877929688,165.8000030517578,163.74000549316406,165.16000366210938
2024-10-17,165.72999572753906,166.3699951171875,162.75999450683594,162.92999267578125
2024-10-18,163.19000244140625,164.7100067138672,163.0800018310547,163.4199981689453
2024-10-21,162.9499969482422,164.5,162.6199951171875,164.07000732421875
2024-10-22,162.97999572753906,165.77000427246094,162.97999572753906,165.13999938964844
2024-10-23,164.75999450683594,165.82000732421875,161.92999267578125,162.77999877929688
2024-10-24,162.8300018310547,163.3300018310547,161.00999450683594,162.72000122070312
2024-10-25,163.6699981689453,165.58999633789062,163.4199981689453,165.27000427246094
2024-10-28,168.75,168.75,163.9499969482422,166.72000122070312
2024-10-29,167.72999572753906,170.3800048828125,167.08999633789062,169.67999267578125
2024-10-30,180.67999267578125,182.02000427246094,174.05999755859375,174.4600067138672
2024-10-31,173.1300048828125,176.82000732421875,171.0,171.11000061035156
2024-11-01,170.07000732421875,172.32000732421875,168.8800048828125,171.2899932861328
2024-11-04,169.92999267578125,170.72999572753906,168.00999450683594,169.24000549316406
2024-11-05,169.42999267578125,170.52999877929688,168.83999633789062,169.74000549316406
2024-11-06,173.8000030517578,176.94000244140625,173.5,176.50999450683594
2024-11-07,177.41000366210938,181.0800018310547,177.19000244140625,180.75
2024-11-08,180.64999389648438,180.89999389648438,178.0800018310547,178.35000610351562
2024-11-11,178.5800018310547,180.5500030517578,178.47000122070312,180.35000610351562
2024-11-12,179.82000732421875,182.49000549316406,179.38999938964844,181.6199951171875
2024-11-13,180.4600067138672,180.9600067138672,178.5399932861328,178.8800048828125
2024-11-14,178.27999877929688,178.82000732421875,174.32000732421875,175.5800018310547
2024-11-15,173.72999572753906,174.13999938964844,171.22000122070312,172.49000549316406
2024-11-18,173.4199981689453,175.44000244140625,172.89999389648438,175.3000030517578
2024-11-19,173.72000122070312,178.8699951171875,173.55999755859375,178.1199951171875
2024-11-20,177.33999633789062,177.67999267578125,173.77999877929688,175.97999572753906
2024-11-21,173.89999389648438,174.1300048828125,163.6999969482422,167.6300048828125
2024-11-22,165.85000610351562,166.4600067138672,163.89999389648438,164.75999450683594
2024-11-25,166.08999633789062,168.6300048828125,165.61000061035156,167.64999389648438
2024-11-26,167.6300048828125,169.82000732421875,167.5800018310547,169.1199951171875
2024-11-27,169.0,169.47999572753906,168.02000427246094,169.22999572753906
2024-11-29,168.5,169.42999267578125,167.16000366210938,168.9499969482422
2024-12-02,168.77000427246094,172.0800018310547,168.57000732421875,171.49000549316406
2024-12-03,171.49000549316406,172.67999267578125,170.85000610351562,171.33999633789062
2024-12-04,171.14999389648438,174.91000366210938,171.05999755859375,174.3699951171875
2024-12-05,175.36000061035156,176.05999755859375,172.3300018310547,172.63999938964844
2024-12-06,172.02999877929688,175.0800018310547,171.86000061035156,174.7100067138672
2024-12-09,173.9600067138672,176.25999450683594,173.64999389648438,175.3699951171875
2024-12-10,182.85000610351562,186.36000061035156,181.0500030517578,185.1699981689453
2024-12-11,185.30999755859375,195.61000061035156,184.85000610351562,195.39999389648438
2024-12-12,195.0,195.17999267578125,191.7100067138672,191.9600067138672
2024-12-13,191.00999450683594,192.72999572753906,189.63999938964844,189.82000732421875
2024-12-16,192.8699951171875,199.0,192.6199951171875,196.66000366210938
2024-12-17,197.25,201.4199981689453,194.97999572753906,195.4199981689453
2024-12-18,195.22000122070312,197.0,187.74000549316406,188.39999389648438
2024-12-19,191.6300048828125,193.02999877929688,188.3800048828125,188.50999450683594
2024-12-20,185.77999877929688,192.88999938964844,185.22000122070312,191.41000366210938
2024-12-23,192.6199951171875,195.10000610351562,190.14999389648438,194.6300048828125
2024-12-24,194.83999633789062,196.11000061035156,193.77999877929688,196.11000061035156
2024-12-26,195.14999389648438,196.75,194.3800048828125,195.60000610351562
2024-12-27,194.9499969482422,195.32000732421875,190.64999389648438,192.75999450683594
2024-12-30,189.8000030517578,192.5500030517578,189.1199951171875,191.24000549316406
2024-12-31,191.0800018310547,191.9600067138672,188.50999450683594,189.3000030517578
2025-01-02,190.64999389648438,192.0,187.5,189.42999267578125
2025-01-03,191.3699951171875,193.2100067138672,189.97999572753906,191.7899932861328
2025-01-06,193.97999572753906,198.22000122070312,193.85000610351562,196.8699951171875
2025-01-07,197.11000061035156,201.0,194.60000610351562,195.49000549316406
2025-01-08,192.57000732421875,196.2899932861328,192.3800048828125,193.9499969482422
2025-01-10,194.3000030517578,196.52000427246094,190.30999755859375,192.0399932861328
2025-01-13,190.07000732421875,191.17999267578125,187.36000061035156,191.00999450683594
2025-01-14,191.24000549316406,191.97999572753906,188.30999755859375,189.66000366210938
2025-01-15,193.08999633789062,196.36000061035156,191.86000061035156,195.5500030517578
2025-01-16,194.13999938964844,195.47999572753906,192.80999755859375,192.91000366210938
2025-01-17,196.52999877929688,197.22999572753906,193.75,196.0
2025-01-21,199.07000732421875,202.2899932861328,197.8699951171875,198.0500030517578
2025-01-22,199.05999755859375,200.47999572753906,197.52999877929688,198.3699951171875
2025-01-23,198.13999938964844,200.3000030517578,195.1999969482422,197.97999572753906
2025-01-24,198.10000610351562,200.89999389648438,198.0,200.2100067138672
2025-01-27,192.41000366210938,196.8800048828125,190.72999572753906,191.80999755859375
2025-01-28,192.75,195.47999572753906,190.67999267578125,195.3000030517578
2025-01-29,195.55999755859375,196.7899932861328,193.42999267578125,195.41000366210938
2025-01-30,198.0,201.39999389648438,197.6699981689453,200.8699951171875
2025-01-31,202.0,205.47999572753906,201.8000030517578,204.02000427246094
2025-02-03,200.69000244140625,203.75,200.10000610351562,201.22999572753906
2025-02-04,203.38999938964844,207.0500030517578,202.80999755859375,206.3800048828125
2025-02-05,191.07000732421875,192.75,188.02999877929688,191.3300018310547
2025-02-06,189.5,192.10000610351562,188.72000122070312,191.60000610351562
2025-02-07,191.0500030517578,191.17999267578125,183.24000549316406,185.33999633789062
2025-02-10,187.35000610351562,188.1999969482422,185.86000061035156,186.47000122070312
2025-02-11,185.02999877929688,186.94000244140625,184.27999877929688,185.32000732421875
2025-02-12,183.22000122070312,185.11000061035156,181.8300018310547,183.61000061035156
2025-02-13,184.32000732421875,186.27999877929688,183.13999938964844,186.13999938964844
2025-02-14,185.05999755859375,186.39999389648438,184.32000732421875,185.22999572753906
2025-02-18,185.60000610351562,185.9600067138672,181.74000549316406,183.77000427246094
2025-02-19,184.07000732421875,185.4600067138672,183.58999633789062,185.27000427246094
2025-02-20,184.8000030517578,185.30999755859375,182.72000122070312,184.55999755859375
2025-02-21,185.14999389648438,185.33999633789062,179.0800018310547,179.66000366210938
2025-02-24,181.99000549316406,183.1199951171875,178.88999938964844,179.25
2025-02-25,178.0399932861328,178.74000549316406,174.69000244140625,175.4199981689453
2025-02-26,175.07000732421875,176.0800018310547,171.5800018310547,172.72999572753906
2025-02-27,173.99000549316406,174.55999755859375,167.94000244140625,168.5
2025-02-28,168.67999267578125,170.61000061035156,166.77000427246094,170.27999877929688
2025-03-03,171.92999267578125,173.3699951171875,165.92999267578125,167.00999450683594
2025-03-04,166.24000549316406,173.2899932861328,165.8000030517578,170.9199981689453
2025-03-05,170.52000427246094,173.77999877929688,169.05999755859375,173.02000427246094
2025-03-06,170.52999877929688,174.80999755859375,170.5,172.35000610351562
2025-03-07,171.25999450683594,174.97000122070312,170.27000427246094,173.86000061035156
2025-03-10,168.25999450683594,168.4600067138672,163.69000244140625,165.8699951171875
2025-03-11,164.91000366210938,166.75,161.3699951171875,164.0399932861328
2025-03-12,166.5800018310547,167.63999938964844,163.52999877929688,167.11000061035156
2025-03-13,166.0399932861328,166.1300048828125,162.11000061035156,162.75999450683594
2025-03-14,163.27000427246094,166.49000549316406,162.4499969482422,165.49000549316406
2025-03-17,165.02999877929688,166.3000030517578,163.6699981689453,164.2899932861328
2025-03-18,163.67999267578125,164.25,156.72000122070312,160.6699981689453
2025-03-19,161.75999450683594,165.8699951171875,161.0,163.88999938964844
2025-03-20,161.57000732421875,164.88999938964844,160.9600067138672,162.8000030517578
2025-03-21,161.2100067138672,164.24000549316406,160.88999938964844,163.99000549316406
2025-03-24,167.07000732421875,168.32000732421875,165.13999938964844,167.67999267578125
2025-03-25,168.97999572753906,170.6300048828125,168.32000732421875,170.55999755859375
2025-03-26,169.0,169.61000061035156,164.83999633789062,165.05999755859375
2025-03-27,164.6300048828125,165.4199981689453,162.0,162.24000549316406
2025-03-28,160.49000549316406,161.82000732421875,153.6300048828125,154.3300018310547
2025-03-31,153.11000061035156,155.5399932861328,150.66000366210938,154.63999938964844
2025-04-01,153.6199951171875,158.10000610351562,153.6199951171875,157.07000732421875
2025-04-02,155.14999389648438,158.41000366210938,154.6999969482422,157.0399932861328
2025-04-03,151.11000061035156,152.77999877929688,150.38999938964844,150.72000122070312
2025-04-04,148.00999450683594,151.07000732421875,145.3800048828125,145.60000610351562
2025-04-07,141.5500030517578,152.85000610351562,140.52999877929688,146.75
2025-04-08,151.22000122070312,152.24000549316406,143.02999877929688,144.6999969482422
2025-04-09,144.4199981689453,159.5500030517578,143.91000366210938,158.7100067138672
2025-04-10,156.5399932861328,157.72000122070312,149.92999267578125,152.82000732421875
2025-04-11,152.89999389648438,157.6699981689453,152.82000732421875,157.13999938964844
2025-04-14,160.0,161.72000122070312,157.55999755859375,159.07000732421875
2025-04-15,159.1300048828125,159.64999389648438,155.2100067138672,156.30999755859375
2025-04-16,153.10000610351562,155.88999938964844,151.50999450683594,153.3300018310547
2025-04-17,154.2899932861328,154.67999267578125,148.5,151.16000366210938
2025-04-21,148.8800048828125,148.9499969482422,146.10000610351562,147.6699981689453
2025-04-22,148.88999938964844,152.19000244140625,148.5399932861328,151.47000122070312
2025-04-23,155.61000061035156,157.52999877929688,153.80999755859375,155.35000610351562
2025-04-24,156.14999389648438,159.58999633789062,155.7899932861328,159.27999877929688
2025-04-25,165.07000732421875,166.10000610351562,161.0399932861328,161.9600067138672
2025-04-28,162.42999267578125,163.14999389648438,158.60000610351562,160.61000061035156
2025-04-29,160.32000732421875,160.74000549316406,157.52000427246094,160.16000366210938
2025-04-30,157.97999572753906,159.27000427246094,155.39999389648438,158.8000030517578
2025-05-01,160.4499969482422,161.9499969482422,158.91000366210938,161.3000030517578
2025-05-02,163.41000366210938,164.97000122070312,161.8699951171875,164.02999877929688
2025-05-05,163.0,165.38999938964844,162.72000122070312,164.2100067138672
2025-05-06,162.1699981689453,164.8000030517578,161.19000244140625,163.22999572753906
2025-05-07,164.0800018310547,165.0,147.83999633789062,151.3800048828125
2025-05-08,155.0,155.92999267578125,152.89999389648438,154.27999877929688
2025-05-09,154.1699981689453,155.0500030517578,152.1999969482422,152.75
2025-05-12,157.49000549316406,159.10000610351562,156.25,158.4600067138672
2025-05-13,158.7899932861328,160.57000732421875,156.16000366210938,159.52999877929688
2025-05-14,159.9600067138672,167.0,159.61000061035156,165.3699951171875
2025-05-15,165.83999633789062,166.2100067138672,162.3699951171875,163.9600067138672
2025-05-16,167.72999572753906,169.35000610351562,165.6199951171875,166.19000244140625
2025-05-19,164.50999450683594,166.63999938964844,164.22000122070312,166.5399932861328
2025-05-20,166.42999267578125,168.5,162.89999389648438,163.97999572753906
2025-05-21,163.69000244140625,173.13999938964844,163.55999755859375,168.55999755859375
2025-05-22,171.85000610351562,176.77000427246094,170.7100067138672,170.8699951171875
2025-05-23,169.05999755859375,169.9600067138672,167.88999938964844,168.47000122070312
2025-05-27,170.16000366210938,173.1699981689453,170.0,172.89999389648438
2025-05-28,173.16000366210938,175.27000427246094,171.91000366210938,172.36000061035156
2025-05-29,174.0,174.4199981689453,170.6300048828125,171.86000061035156
2025-05-30,171.35000610351562,172.2100067138672,167.44000244140625,171.74000549316406
2025-06-02,167.83999633789062,169.8699951171875,167.38999938964844,169.02999877929688
2025-06-03,167.49000549316406,168.47999572753906,165.27999877929688,166.17999267578125
2025-06-04,166.74000549316406,168.22000122070312,166.36000061035156,168.0500030517578
2025-06-05,170.33999633789062,170.92999267578125,167.58999633789062,168.2100067138672
2025-06-06,170.8300018310547,174.5,170.8300018310547,173.67999267578125
2025-06-09,174.5399932861328,176.47000122070312,174.3699951171875,176.08999633789062
2025-06-10,176.1999969482422,181.11000061035156,174.91000366210938,178.60000610351562
2025-06-11,179.77000427246094,180.3699951171875,176.75,177.35000610351562
2025-06-12,176.17999267578125,176.72000122070312,174.75,175.6999969482422
2025-06-13,172.44000244140625,177.1300048828125,172.38999938964844,174.6699981689453
2025-06-16,174.72999572753906,176.94000244140625,174.64999389648438,176.77000427246094
2025-06-17,175.6999969482422,177.36000061035156,174.5800018310547,175.9499969482422
2025-06-18,176.00999450683594,176.55999755859375,173.1999969482422,173.32000732421875
2025-06-20,173.9499969482422,174.33999633789062,165.4600067138672,166.63999938964844
2025-06-23,166.27000427246094,167.33999633789062,162.0,165.19000244140625
2025-06-24,166.9199981689453,168.22000122070312,166.1300048828125,166.77000427246094
2025-06-25,167.6300048828125,172.36000061035156,167.5500030517578,170.67999267578125
2025-06-26,172.42999267578125,173.69000244140625,169.94000244140625,173.5399932861328
2025-06-27,173.5399932861328,178.67999267578125,171.72999572753906,178.52999877929688
2025-06-30,180.77999877929688,181.22999572753906,174.5800018310547,176.22999572753906
2025-07-01,175.74000549316406,176.08999633789062,173.52999877929688,175.83999633789062
2025-07-02,175.5399932861328,178.86000061035156,175.07000732421875,178.63999938964844
2025-07-03,178.5,179.6699981689453,177.0500030517578,179.52999877929688
2025-07-07,179.05999755859375,179.3000030517578,175.67999267578125,176.7899932861328
2025-07-08,177.85000610351562,177.9499969482422,172.80999755859375,174.36000061035156
2025-07-09,175.25,179.44000244140625,172.77000427246094,176.6199951171875
2025-07-10,175.6300048828125,178.42999267578125,174.3800048828125,177.6199951171875
2025-07-11,176.7899932861328,181.42999267578125,176.47999572753906,180.19000244140625
2025-07-14,181.00999450683594,183.6699981689453,179.67999267578125,181.55999755859375
2025-07-15,182.80999755859375,184.22000122070312,181.60000610351562,182.0
2025-07-16,183.24000549316406,184.3300018310547,182.02999877929688,182.97000122070312
2025-07-17,182.13999938964844,184.05999755859375,180.47999572753906,183.5800018310547
2025-07-18,185.39999389648438,186.4199981689453,183.7100067138672,185.05999755859375
2025-07-21,186.25,190.2899932861328,186.14999389648438,190.10000610351562
2025-07-22,191.5,191.64999389648438,187.4600067138672,191.33999633789062
2025-07-23,191.5,192.52999877929688,189.17999267578125,190.22999572753906
2025-07-24,197.02999877929688,197.9499969482422,191.0,192.1699981689453
2025-07-25,191.97999572753906,194.3300018310547,191.25999450683594,193.17999267578125
2025-07-28,193.64999389648438,194.0500030517578,190.83999633789062,192.5800018310547
2025-07-29,192.42999267578125,195.9199981689453,192.0800018310547,195.75
2025-07-30,195.60000610351562,197.60000610351562,194.69000244140625,196.52999877929688
2025-07-31,195.7100067138672,195.99000549316406,191.08999633789062,191.89999389648438
2025-08-01,189.02999877929688,190.8300018310547,187.82000732421875,189.1300048828125
2025-08-04,190.2899932861328,195.27000427246094,190.1199951171875,195.0399932861328
2025-08-05,194.7100067138672,197.86000061035156,193.88999938964844,194.6699981689453
2025-08-06,194.5,196.6300048828125,193.6699981689453,196.08999633789062
2025-08-07,197.05999755859375,197.5399932861328,194.3300018310547,196.52000427246094
2025-08-08,197.22000122070312,202.61000061035156,197.1699981689453,201.4199981689453
2025-08-11,200.94000244140625,201.47999572753906,199.07000732421875,201.0
2025-08-12,201.3699951171875,204.5,200.58999633789062,203.33999633789062
2025-08-13,204.1300048828125,204.52999877929688,197.50999450683594,201.9600067138672
2025-08-14,201.5,204.44000244140625,201.22999572753906,202.94000244140625
2025-08-15,203.85000610351562,206.44000244140625,201.27999877929688,203.89999389648438
2025-08-18,204.1999969482422,205.27000427246094,202.49000549316406,203.5
2025-08-19,203.02999877929688,203.44000244140625,199.9600067138672,201.57000732421875
2025-08-20,200.72999572753906,201.27999877929688,196.60000610351562,199.32000732421875
2025-08-21,199.75,202.47999572753906,199.42999267578125,199.75
2025-08-22,202.72999572753906,208.5399932861328,201.3000030517578,206.08999633789062
2025-08-25,206.42999267578125,210.52000427246094,205.27999877929688,208.49000549316406
2025-08-26,207.50999450683594,207.85000610351562,205.6999969482422,207.13999938964844
2025-08-27,205.6999969482422,208.91000366210938,205.64999389648438,207.47999572753906
2025-08-28,207.25,212.22000122070312,206.89999389648438,211.63999938964844
2025-08-29,210.50999450683594,214.64999389648438,210.1999969482422,212.91000366210938
2025-09-02,208.44000244140625,211.67999267578125,206.1999969482422,211.35000610351562
2025-09-03,226.2100067138672,231.30999755859375,224.7899932861328,230.66000366210938
2025-09-04,229.64999389648438,232.3699951171875,226.11000061035156,232.3000030517578
2025-09-05,232.1999969482422,235.75999450683594,231.89999389648438,235.0
2025-09-08,235.47000122070312,238.1300048828125,233.6699981689453,234.0399932861328
2025-09-09,234.1699981689453,240.47000122070312,233.22999572753906,239.6300048828125
2025-09-10,238.89999389648438,241.66000366210938,237.85000610351562,239.1699981689453
2025-09-11,239.8800048828125,242.25,236.25,240.3699951171875
2025-09-12,240.3699951171875,242.0800018310547,238.0,240.8000030517578
2025-09-15,244.66000366210938,252.41000366210938,244.66000366210938,251.61000061035156
2025-09-16,252.0800018310547,253.0399932861328,249.47000122070312,251.16000366210938
2025-09-17,251.22000122070312,251.60000610351562,246.27999877929688,249.52999877929688
2025-09-18,251.67999267578125,253.99000549316406,249.8000030517578,252.02999877929688
2025-09-19,253.25,256.0,251.80999755859375,254.72000122070312
2025-09-22,254.42999267578125,255.77999877929688,250.3000030517578,252.52999877929688
2025-09-23,253.0399932861328,254.36000061035156,250.47999572753906,251.66000366210938
2025-09-24,251.66000366210938,252.35000610351562,246.44000244140625,247.13999938964844
2025-09-25,244.39999389648438,246.49000549316406,240.74000549316406,245.7899932861328
2025-09-26,247.07000732421875,249.4199981689453,245.97000122070312,246.5399932861328
2025-09-29,247.85000610351562,251.14999389648438,242.77000427246094,244.0500030517578
2025-09-30,242.80999755859375,243.2899932861328,239.25,243.10000610351562
2025-10-01,240.75,246.3000030517578,238.61000061035156,244.89999389648438
2025-10-02,245.14999389648438,246.80999755859375,242.3000030517578,245.69000244140625
2025-10-03,244.49000549316406,246.3000030517578,241.66000366210938,245.35000610351562
2025-10-06,244.77999877929688,251.32000732421875,244.5800018310547,250.42999267578125
2025-10-07,248.27000427246094,250.44000244140625,245.52000427246094,245.75999450683594
2025-10-08,244.9600067138672,246.00999450683594,243.82000732421875,244.6199951171875
2025-10-09,244.47000122070312,244.75999450683594,239.14999389648438,241.52999877929688
2025-10-10,241.42999267578125,244.08999633789062,235.83999633789062,236.57000732421875
2025-10-13,240.2100067138672,244.5,239.7100067138672,244.14999389648438
2025-10-14,241.22999572753906,247.1199951171875,240.50999450683594,245.4499969482422
2025-10-15,247.25,252.11000061035156,245.99000549316406,251.02999877929688
2025-10-16,251.77000427246094,256.9599914550781,250.10000610351562,251.4600067138672
2025-10-17,250.75999450683594,254.22000122070312,247.80999755859375,253.3000030517578
2025-10-20,254.69000244140625,257.3299865722656,254.22999572753906,256.54998779296875
2025-10-21,254.74000549316406,254.8800048828125,244.14999389648438,250.4600067138672
2025-10-22,254.3699951171875,256.3599853515625,249.2899932861328,251.69000244140625
2025-10-23,252.97999572753906,255.0399932861328,251.85000610351562,253.0800018310547
2025-10-24,256.5799865722656,261.67999267578125,255.32000732421875,259.9200134277344
2025-10-27,264.82000732421875,270.1400146484375,264.2799987792969,269.2699890136719
2025-10-28,269.69000244140625,270.7300109863281,266.5,267.4700012207031
2025-10-29,267.75,275.3399963378906,267.6700134277344,274.57000732421875
2025-10-30,291.5899963378906,291.5899963378906,280.05999755859375,281.4800109863281
2025-10-31,283.2099914550781,286.0,277.0299987792969,281.19000244140625
2025-11-03,282.17999267578125,285.5299987792969,279.79998779296875,283.7200012207031
2025-11-04,276.75,281.2699890136719,276.260009765625,277.5400085449219
2025-11-05,278.8699951171875,286.4200134277344,277.3399963378906,284.30999755859375
2025-11-06,285.3299865722656,288.3500061035156,281.1400146484375,284.75
2025-11-07,283.2099914550781,283.7799987792969,275.19000244140625,278.8299865722656
2025-11-10,284.4200134277344,290.79998779296875,282.8599853515625,290.1000061035156
2025-11-11,287.75,291.9200134277344,287.32000732421875,291.30999755859375
2025-11-12,291.67999267578125,292.010009765625,283.69000244140625,286.7099914550781
2025-11-13,282.3399963378906,282.8399963378906,277.239990234375,278.57000732421875
2025-11-14,271.4100036621094,278.55999755859375,270.70001220703125,276.4100036621094
2025-11-17,285.7799987792969,293.95001220703125,283.57000732421875,285.0199890136719
2025-11-18,287.9200134277344,288.79998779296875,278.20001220703125,284.2799987792969
2025-11-19,287.1600036621094,303.80999755859375,286.6300048828125,292.80999755859375
2025-11-20,304.5400085449219,306.4200134277344,288.6700134277344,289.45001220703125
2025-11-21,296.4200134277344,303.9200134277344,293.8500061035156,299.6600036621094
2025-11-24,311.1300048828125,319.4800109863281,309.6000061035156,318.5799865722656
2025-11-25,326.2099914550781,328.8299865722656,317.6499938964844,323.44000244140625
2025-11-26,320.67999267578125,324.5,316.7900085449219,319.95001220703125
2025-11-28,323.3699951171875,326.8500061035156,316.7900085449219,320.17999267578125
2025-12-01,317.70001220703125,319.8500061035156,313.8900146484375,314.8900146484375
2025-12-02,316.739990234375,318.3800048828125,313.9100036621094,315.80999755859375
2025-12-03,315.8900146484375,321.5799865722656,314.1000061035156,319.6300048828125
2025-12-04,322.2300109863281,322.3599853515625,314.70001220703125,317.6199951171875
2025-12-05,319.489990234375,323.1600036621094,319.1700134277344,321.2699890136719
2025-12-08,320.04998779296875,320.44000244140625,311.2200012207031,313.7200012207031
2025-12-09,312.3699951171875,317.989990234375,311.8999938964844,317.0799865722656
2025-12-10,315.8299865722656,321.30999755859375,314.67999267578125,320.2099914550781
2025-12-11,320.0799865722656,321.1199951171875,308.6000061035156,312.42999267578125
2025-12-12,313.70001220703125,314.8699951171875,305.55999755859375,309.2900085449219
2025-12-15,311.32000732421875,311.4200134277344,304.8800048828125,308.2200012207031
2025-12-16,304.95001220703125,310.7699890136719,302.5899963378906,306.57000732421875
2025-12-17,308.010009765625,308.0899963378906,296.1199951171875,296.7200012207031
2025-12-18,301.7200012207031,303.9599914550781,299.2300109863281,302.4599914550781
2025-12-19,301.7300109863281,307.25,300.9700012207031,307.1600036621094
2025-12-22,309.8800048828125,310.1300048828125,305.29998779296875,309.7799987792969
2025-12-23,309.6300048828125,314.94000244140625,309.32000732421875,314.3500061035156
2025-12-24,314.7699890136719,315.0799865722656,311.9200134277344,314.0899963378906
2025-12-26,314.4800109863281,315.0899963378906,312.2799987792969,313.510009765625
2025-12-29,311.3699951171875,314.0199890136719,310.6199951171875,313.55999755859375
2025-12-30,312.5,316.95001220703125,312.4599914550781,313.8500061035156
